,RESULTS,TIMESTAMP,INDEX
0,-1,2008-07-19 11:55:00,0
1,-1,2008-07-19 12:32:00,1
2,1,2008-07-19 13:17:00,2
3,-1,2008-07-19 14:43:00,3
4,-1,2008-07-19 15:22:00,4
5,-1,2008-07-19 17:53:00,5
6,-1,2008-07-19 19:44:00,6
7,-1,2008-07-19 19:45:00,7
8,-1,2008-07-19 20:24:00,8
9,-1,2008-07-19 21:35:00,9
10,1,2008-07-19 21:57:00,10
11,1,2008-07-19 22:52:00,11
12,-1,2008-07-20 03:35:00,12
13,-1,2008-07-21 08:21:00,13
14,1,2008-07-21 11:53:00,14
15,-1,2008-07-22 00:03:00,15
16,-1,2008-07-22 02:59:00,16
17,-1,2008-07-22 08:41:00,17
18,-1,2008-07-22 11:47:00,18
19,-1,2008-07-22 14:00:00,19
20,-1,2008-07-22 15:30:00,20
21,-1,2008-07-23 05:15:00,21
22,-1,2008-07-23 19:22:00,22
23,1,2008-07-25 15:23:00,23
24,-1,2008-07-27 04:18:00,24
25,-1,2008-07-27 09:37:00,25
26,-1,2008-07-27 11:10:00,26
27,-1,2008-07-27 15:46:00,27
28,-1,2008-07-27 16:06:00,28
29,-1,2008-07-27 16:49:00,29
30,-1,2008-07-27 20:24:00,30
31,-1,2008-07-27 22:28:00,31
32,-1,2008-07-27 22:28:00,32
33,-1,2008-07-27 23:14:00,33
34,-1,2008-07-28 03:31:00,34
35,-1,2008-07-28 03:48:00,35
36,-1,2008-07-28 04:37:00,36
37,-1,2008-07-28 05:36:00,37
38,1,2008-07-28 06:45:00,38
39,-1,2008-07-28 08:36:00,39
40,1,2008-07-28 15:11:00,40
41,-1,2008-07-28 23:57:00,41
42,-1,2008-07-29 04:08:00,42
43,-1,2008-07-29 05:16:00,43
44,-1,2008-07-29 06:19:00,44
45,1,2008-07-29 08:23:00,45
46,-1,2008-07-29 11:47:00,46
47,-1,2008-07-29 15:41:00,47
48,1,2008-07-29 15:49:00,48
49,1,2008-07-29 17:05:00,49
50,1,2008-07-29 18:08:00,50
51,-1,2008-07-29 21:07:00,51
52,-1,2008-07-29 23:14:00,52
53,-1,2008-07-29 23:19:00,53
54,-1,2008-07-30 06:30:00,54
55,-1,2008-07-30 07:08:00,55
56,-1,2008-07-30 12:02:00,56
57,1,2008-07-30 12:29:00,57
58,1,2008-07-30 21:16:00,58
59,-1,2008-07-31 13:57:00,59
60,-1,2008-07-31 15:36:00,60
61,-1,2008-07-31 17:07:00,61
62,1,2008-07-31 20:18:00,62
63,-1,2008-01-08 02:02:00,63
64,1,2008-01-08 05:52:00,64
65,-1,2008-01-08 10:20:00,65
66,-1,2008-01-08 10:26:00,66
67,-1,2008-01-08 11:28:00,67
68,-1,2008-01-08 12:29:00,68
69,-1,2008-01-08 14:07:00,69
70,-1,2008-01-08 15:10:00,70
71,-1,2008-02-08 03:39:00,71
72,-1,2008-03-08 13:09:00,72
73,-1,2008-03-08 14:06:00,73
74,-1,2008-03-08 14:25:00,74
75,-1,2008-03-08 15:03:00,75
76,-1,2008-03-08 15:27:00,76
77,-1,2008-03-08 16:00:00,77
78,-1,2008-03-08 17:00:00,78
79,-1,2008-03-08 17:58:00,79
80,-1,2008-03-08 20:23:00,80
81,-1,2008-03-08 22:52:00,81
82,1,2008-04-08 00:39:00,82
83,-1,2008-04-08 03:45:00,83
84,-1,2008-04-08 03:49:00,84
85,-1,2008-04-08 13:19:00,85
86,-1,2008-04-08 14:04:00,86
87,-1,2008-04-08 14:31:00,87
88,-1,2008-04-08 15:29:00,88
89,-1,2008-04-08 16:15:00,89
90,-1,2008-04-08 16:31:00,90
91,-1,2008-04-08 17:11:00,91
92,-1,2008-04-08 17:46:00,92
93,-1,2008-04-08 18:24:00,93
94,-1,2008-04-08 19:58:00,94
95,-1,2008-04-08 20:32:00,95
96,1,2008-04-08 20:58:00,96
97,-1,2008-04-08 21:43:00,97
98,-1,2008-04-08 22:51:00,98
99,-1,2008-04-08 23:33:00,99
100,-1,2008-05-08 00:04:00,100
101,-1,2008-05-08 01:12:00,101
102,-1,2008-05-08 02:15:00,102
103,-1,2008-05-08 02:36:00,103
104,-1,2008-05-08 02:45:00,104
105,-1,2008-05-08 03:17:00,105
106,-1,2008-05-08 03:36:00,106
107,-1,2008-05-08 03:54:00,107
108,-1,2008-05-08 04:32:00,108
109,-1,2008-05-08 04:35:00,109
110,-1,2008-05-08 05:11:00,110
111,-1,2008-05-08 06:10:00,111
112,-1,2008-05-08 06:11:00,112
113,-1,2008-05-08 06:21:00,113
114,-1,2008-05-08 07:12:00,114
115,1,2008-05-08 07:12:00,115
116,-1,2008-05-08 07:48:00,116
117,-1,2008-05-08 08:50:00,117
118,-1,2008-05-08 09:48:00,118
119,-1,2008-05-08 14:17:00,119
120,-1,2008-05-08 14:45:00,120
121,-1,2008-05-08 15:45:00,121
122,-1,2008-05-08 20:04:00,122
123,-1,2008-05-08 21:07:00,123
124,-1,2008-05-08 21:22:00,124
125,-1,2008-05-08 23:02:00,125
126,-1,2008-05-08 23:06:00,126
127,-1,2008-05-08 23:38:00,127
128,-1,2008-06-08 00:04:00,128
129,-1,2008-06-08 02:20:00,129
130,-1,2008-06-08 03:22:00,130
131,1,2008-06-08 05:40:00,131
132,-1,2008-06-08 09:56:00,132
133,-1,2008-06-08 09:57:00,133
134,-1,2008-06-08 12:33:00,134
135,-1,2008-06-08 13:35:00,135
136,-1,2008-06-08 17:35:00,136
137,-1,2008-06-08 18:00:00,137
138,-1,2008-06-08 18:34:00,138
139,-1,2008-06-08 19:13:00,139
140,-1,2008-06-08 19:24:00,140
141,-1,2008-06-08 20:00:00,141
142,-1,2008-06-08 20:17:00,142
143,-1,2008-06-08 21:15:00,143
144,-1,2008-06-08 22:27:00,144
145,-1,2008-06-08 23:40:00,145
146,-1,2008-06-08 23:45:00,146
147,-1,2008-07-08 00:51:00,147
148,-1,2008-07-08 07:30:00,148
149,-1,2008-07-08 08:21:00,149
150,-1,2008-07-08 08:45:00,150
151,-1,2008-07-08 08:55:00,151
152,-1,2008-07-08 10:12:00,152
153,-1,2008-07-08 11:10:00,153
154,1,2008-07-08 11:40:00,154
155,-1,2008-08-08 04:55:00,155
156,-1,2008-08-08 07:26:00,156
157,1,2008-08-08 08:44:00,157
158,1,2008-08-08 12:37:00,158
159,-1,2008-08-08 20:21:00,159
160,-1,2008-08-08 21:22:00,160
161,-1,2008-08-08 21:53:00,161
162,-1,2008-08-08 22:06:00,162
163,-1,2008-08-08 22:25:00,163
164,-1,2008-09-08 02:15:00,164
165,-1,2008-09-08 02:37:00,165
166,-1,2008-09-08 06:05:00,166
167,1,2008-09-08 09:16:00,167
168,-1,2008-09-08 09:22:00,168
169,1,2008-09-08 11:42:00,169
170,-1,2008-09-08 17:34:00,170
171,-1,2008-09-08 19:03:00,171
172,-1,2008-09-08 20:04:00,172
173,-1,2008-09-08 21:07:00,173
174,-1,2008-09-08 22:15:00,174
175,-1,2008-09-08 22:37:00,175
176,-1,2008-09-08 23:17:00,176
177,-1,2008-09-08 23:34:00,177
178,-1,2008-10-08 00:09:00,178
179,-1,2008-10-08 00:46:00,179
180,1,2008-10-08 06:00:00,180
181,-1,2008-10-08 06:41:00,181
182,1,2008-10-08 07:01:00,182
183,-1,2008-10-08 11:16:00,183
184,-1,2008-10-08 11:49:00,184
185,-1,2008-10-08 12:22:00,185
186,1,2008-10-08 15:59:00,186
187,-1,2008-10-08 19:07:00,187
188,1,2008-10-08 20:07:00,188
189,1,2008-10-08 22:26:00,189
190,-1,2008-11-08 03:06:00,190
191,-1,2008-11-08 04:09:00,191
192,-1,2008-11-08 05:15:00,192
193,-1,2008-11-08 11:35:00,193
194,-1,2008-11-08 12:38:00,194
195,-1,2008-12-08 04:23:00,195
196,-1,2008-12-08 06:16:00,196
197,-1,2008-12-08 10:54:00,197
198,-1,2008-12-08 11:29:00,198
199,-1,2008-12-08 12:04:00,199
200,-1,2008-08-13 02:48:00,200
201,-1,2008-08-15 03:26:00,201
202,-1,2008-08-15 04:14:00,202
203,-1,2008-08-15 05:13:00,203
204,-1,2008-08-15 09:38:00,204
205,-1,2008-08-15 10:14:00,205
206,-1,2008-08-15 11:42:00,206
207,-1,2008-08-15 18:19:00,207
208,-1,2008-08-15 19:19:00,208
209,-1,2008-08-15 20:00:00,209
210,-1,2008-08-15 20:03:00,210
211,-1,2008-08-15 23:31:00,211
212,-1,2008-08-16 02:21:00,212
213,-1,2008-08-16 05:47:00,213
214,-1,2008-08-16 06:52:00,214
215,-1,2008-08-16 07:33:00,215
216,-1,2008-08-16 08:39:00,216
217,-1,2008-08-16 08:41:00,217
218,1,2008-08-16 09:44:00,218
219,-1,2008-08-16 13:51:00,219
220,-1,2008-08-16 14:30:00,220
221,-1,2008-08-16 15:16:00,221
222,1,2008-08-16 15:19:00,222
223,-1,2008-08-16 23:48:00,223
224,-1,2008-08-17 00:52:00,224
225,-1,2008-08-17 01:53:00,225
226,-1,2008-08-17 03:17:00,226
227,-1,2008-08-17 03:18:00,227
228,-1,2008-08-17 03:46:00,228
229,-1,2008-08-17 04:19:00,229
230,-1,2008-08-17 05:21:00,230
231,1,2008-08-17 12:16:00,231
232,-1,2008-08-17 13:34:00,232
233,-1,2008-08-17 14:21:00,233
234,-1,2008-08-17 15:25:00,234
235,1,2008-08-17 21:26:00,235
236,1,2008-08-17 22:03:00,236
237,-1,2008-08-17 22:21:00,237
238,1,2008-08-17 23:04:00,238
239,-1,2008-08-17 23:20:00,239
240,1,2008-08-17 23:55:00,240
241,1,2008-08-18 00:02:00,241
242,-1,2008-08-18 00:20:00,242
243,1,2008-08-18 01:23:00,243
244,1,2008-08-18 04:01:00,244
245,-1,2008-08-18 04:12:00,245
246,-1,2008-08-18 04:35:00,246
247,-1,2008-08-18 05:03:00,247
248,-1,2008-08-18 05:25:00,248
249,-1,2008-08-18 06:07:00,249
250,-1,2008-08-18 06:11:00,250
251,-1,2008-08-18 06:26:00,251
252,-1,2008-08-18 07:11:00,252
253,-1,2008-08-18 07:23:00,253
254,-1,2008-08-18 07:29:00,254
255,-1,2008-08-18 08:18:00,255
256,-1,2008-08-18 08:31:00,256
257,-1,2008-08-18 10:13:00,257
258,-1,2008-08-18 11:04:00,258
259,-1,2008-08-18 12:00:00,259
260,-1,2008-08-18 12:06:00,260
261,-1,2008-08-18 12:22:00,261
262,-1,2008-08-18 12:49:00,262
263,-1,2008-08-18 13:07:00,263
264,-1,2008-08-18 14:01:00,264
265,-1,2008-08-18 14:04:00,265
266,-1,2008-08-18 14:45:00,266
267,-1,2008-08-18 15:00:00,267
268,-1,2008-08-18 15:26:00,268
269,-1,2008-08-18 15:30:00,269
270,-1,2008-08-18 15:33:00,270
271,-1,2008-08-18 15:41:00,271
272,-1,2008-08-18 16:19:00,272
273,1,2008-08-18 17:13:00,273
274,-1,2008-08-18 17:16:00,274
275,-1,2008-08-18 17:37:00,275
276,-1,2008-08-18 19:24:00,276
277,1,2008-08-18 19:54:00,277
278,-1,2008-08-18 23:00:00,278
279,-1,2008-08-18 23:03:00,279
280,-1,2008-08-18 23:47:00,280
281,-1,2008-08-19 01:10:00,281
282,1,2008-08-19 03:59:00,282
283,-1,2008-08-19 04:58:00,283
284,-1,2008-08-19 05:09:00,284
285,-1,2008-08-19 05:11:00,285
286,-1,2008-08-19 05:11:00,286
287,-1,2008-08-19 05:40:00,287
288,-1,2008-08-19 05:41:00,288
289,-1,2008-08-19 05:53:00,289
290,-1,2008-08-19 05:54:00,290
291,1,2008-08-19 05:56:00,291
292,-1,2008-08-19 06:24:00,292
293,-1,2008-08-19 07:43:00,293
294,1,2008-08-19 07:58:00,294
295,-1,2008-08-19 08:01:00,295
296,-1,2008-08-19 08:07:00,296
297,-1,2008-08-19 08:33:00,297
298,-1,2008-08-19 09:04:00,298
299,-1,2008-08-19 09:05:00,299
300,-1,2008-08-19 10:46:00,300
301,-1,2008-08-19 11:11:00,301
302,-1,2008-08-19 11:13:00,302
303,-1,2008-08-19 11:13:00,303
304,-1,2008-08-19 11:28:00,304
305,-1,2008-08-19 11:44:00,305
306,-1,2008-08-19 11:46:00,306
307,-1,2008-08-19 11:57:00,307
308,-1,2008-08-19 11:58:00,308
309,-1,2008-08-19 12:30:00,309
310,-1,2008-08-19 15:33:00,310
311,-1,2008-08-19 18:12:00,311
312,-1,2008-08-19 18:12:00,312
313,-1,2008-08-19 18:30:00,313
314,-1,2008-08-19 18:30:00,314
315,-1,2008-08-19 19:38:00,315
316,-1,2008-08-19 20:53:00,316
317,-1,2008-08-20 00:05:00,317
318,-1,2008-08-20 01:33:00,318
319,-1,2008-08-20 01:42:00,319
320,-1,2008-08-20 02:13:00,320
321,1,2008-08-20 02:27:00,321
322,-1,2008-08-20 03:00:00,322
323,1,2008-08-20 03:12:00,323
324,-1,2008-08-20 06:36:00,324
325,-1,2008-08-20 07:12:00,325
326,1,2008-08-20 08:40:00,326
327,1,2008-08-20 09:17:00,327
328,-1,2008-08-20 10:26:00,328
329,-1,2008-08-20 16:08:00,329
330,-1,2008-08-20 16:16:00,330
331,-1,2008-08-20 17:09:00,331
332,-1,2008-08-20 17:35:00,332
333,-1,2008-08-20 17:36:00,333
334,-1,2008-08-20 18:29:00,334
335,-1,2008-08-20 18:35:00,335
336,1,2008-08-20 19:20:00,336
337,-1,2008-08-20 20:19:00,337
338,-1,2008-08-20 21:33:00,338
339,-1,2008-08-20 21:41:00,339
340,-1,2008-08-20 21:58:00,340
341,-1,2008-08-20 22:13:00,341
342,-1,2008-08-20 22:45:00,342
343,-1,2008-08-20 23:18:00,343
344,1,2008-08-20 23:43:00,344
345,-1,2008-08-21 02:11:00,345
346,-1,2008-08-21 02:46:00,346
347,-1,2008-08-21 04:22:00,347
348,-1,2008-08-21 04:29:00,348
349,-1,2008-08-21 05:06:00,349
350,-1,2008-08-21 05:15:00,350
351,1,2008-08-21 06:10:00,351
352,-1,2008-08-21 11:22:00,352
353,-1,2008-08-21 12:00:00,353
354,-1,2008-08-21 12:31:00,354
355,-1,2008-08-21 12:33:00,355
356,-1,2008-08-21 12:43:00,356
357,-1,2008-08-21 12:52:00,357
358,-1,2008-08-21 13:11:00,358
359,-1,2008-08-21 13:19:00,359
360,-1,2008-08-21 13:29:00,360
361,-1,2008-08-21 13:45:00,361
362,-1,2008-08-21 14:47:00,362
363,-1,2008-08-21 15:05:00,363
364,-1,2008-08-21 15:06:00,364
365,-1,2008-08-21 15:32:00,365
366,-1,2008-08-21 15:48:00,366
367,-1,2008-08-21 15:50:00,367
368,1,2008-08-21 16:19:00,368
369,-1,2008-08-21 16:36:00,369
370,-1,2008-08-21 17:25:00,370
371,-1,2008-08-21 17:44:00,371
372,-1,2008-08-21 18:04:00,372
373,1,2008-08-21 18:05:00,373
374,-1,2008-08-21 18:39:00,374
375,-1,2008-08-21 18:53:00,375
376,-1,2008-08-21 19:12:00,376
377,-1,2008-08-21 19:12:00,377
378,-1,2008-08-21 19:46:00,378
379,-1,2008-08-21 20:19:00,379
380,-1,2008-08-21 20:21:00,380
381,-1,2008-08-21 20:37:00,381
382,-1,2008-08-21 21:32:00,382
383,-1,2008-08-21 22:25:00,383
384,-1,2008-08-21 22:41:00,384
385,-1,2008-08-21 23:08:00,385
386,-1,2008-08-21 23:27:00,386
387,-1,2008-08-21 23:53:00,387
388,-1,2008-08-21 23:57:00,388
389,-1,2008-08-22 00:43:00,389
390,-1,2008-08-22 00:44:00,390
391,-1,2008-08-22 00:47:00,391
392,1,2008-08-22 01:04:00,392
393,-1,2008-08-22 01:26:00,393
394,-1,2008-08-22 01:27:00,394
395,-1,2008-08-22 01:54:00,395
396,-1,2008-08-22 02:01:00,396
397,-1,2008-08-22 02:25:00,397
398,-1,2008-08-22 02:52:00,398
399,-1,2008-08-22 03:18:00,399
400,-1,2008-08-22 03:58:00,400
401,-1,2008-08-22 04:40:00,401
402,-1,2008-08-22 04:57:00,402
403,-1,2008-08-22 05:21:00,403
404,-1,2008-08-22 05:31:00,404
405,-1,2008-08-22 05:32:00,405
406,1,2008-08-22 06:00:00,406
407,-1,2008-08-22 07:04:00,407
408,-1,2008-08-22 07:17:00,408
409,-1,2008-08-22 07:27:00,409
410,-1,2008-08-22 09:29:00,410
411,-1,2008-08-22 09:29:00,411
412,-1,2008-08-22 10:01:00,412
413,-1,2008-08-22 10:18:00,413
414,-1,2008-08-22 10:47:00,414
415,-1,2008-08-22 11:32:00,415
416,-1,2008-08-22 12:13:00,416
417,-1,2008-08-22 12:37:00,417
418,-1,2008-08-22 12:42:00,418
419,-1,2008-08-22 13:22:00,419
420,-1,2008-08-22 14:45:00,420
421,-1,2008-08-22 15:25:00,421
422,-1,2008-08-22 15:39:00,422
423,-1,2008-08-22 15:54:00,423
424,1,2008-08-22 19:14:00,424
425,-1,2008-08-22 23:46:00,425
426,-1,2008-08-22 23:47:00,426
427,-1,2008-08-22 23:49:00,427
428,-1,2008-08-22 23:56:00,428
429,-1,2008-08-23 02:04:00,429
430,-1,2008-08-23 03:26:00,430
431,-1,2008-08-23 04:50:00,431
432,-1,2008-08-23 04:52:00,432
433,-1,2008-08-23 05:57:00,433
434,-1,2008-08-23 05:57:00,434
435,-1,2008-08-23 05:58:00,435
436,-1,2008-08-23 05:58:00,436
437,-1,2008-08-23 09:24:00,437
438,-1,2008-08-23 12:58:00,438
439,-1,2008-08-23 13:02:00,439
440,-1,2008-08-23 15:10:00,440
441,1,2008-08-23 15:29:00,441
442,-1,2008-08-24 02:32:00,442
443,-1,2008-08-24 04:00:00,443
444,-1,2008-08-24 07:12:00,444
445,-1,2008-08-24 07:14:00,445
446,-1,2008-08-24 10:09:00,446
447,-1,2008-08-24 10:14:00,447
448,1,2008-08-24 13:03:00,448
449,-1,2008-08-25 09:29:00,449
450,-1,2008-08-27 00:46:00,450
451,-1,2008-08-27 11:38:00,451
452,-1,2008-08-27 12:22:00,452
453,-1,2008-08-27 13:35:00,453
454,-1,2008-08-27 14:18:00,454
455,-1,2008-08-27 17:14:00,455
456,-1,2008-08-27 22:48:00,456
457,-1,2008-08-27 22:58:00,457
458,-1,2008-08-28 03:03:00,458
459,-1,2008-08-28 03:04:00,459
460,-1,2008-08-28 03:29:00,460
461,-1,2008-08-28 03:38:00,461
462,-1,2008-08-28 03:45:00,462
463,-1,2008-08-28 04:10:00,463
464,-1,2008-08-28 04:20:00,464
465,-1,2008-08-28 04:54:00,465
466,-1,2008-08-28 05:00:00,466
467,-1,2008-08-28 06:15:00,467
468,-1,2008-08-28 06:39:00,468
469,-1,2008-08-28 06:56:00,469
470,-1,2008-08-28 07:40:00,470
471,-1,2008-08-28 07:51:00,471
472,-1,2008-08-28 08:41:00,472
473,-1,2008-08-28 09:46:00,473
474,-1,2008-08-28 09:49:00,474
475,-1,2008-08-28 10:15:00,475
476,-1,2008-08-28 10:28:00,476
477,-1,2008-08-28 10:32:00,477
478,-1,2008-08-28 11:19:00,478
479,-1,2008-08-28 12:44:00,479
480,-1,2008-08-28 14:48:00,480
481,-1,2008-08-28 15:19:00,481
482,-1,2008-08-28 16:01:00,482
483,-1,2008-08-28 16:43:00,483
484,-1,2008-08-28 16:52:00,484
485,-1,2008-08-28 17:21:00,485
486,-1,2008-08-28 17:27:00,486
487,-1,2008-08-28 17:32:00,487
488,-1,2008-08-28 18:05:00,488
489,-1,2008-08-28 18:10:00,489
490,-1,2008-08-28 18:15:00,490
491,-1,2008-08-28 18:25:00,491
492,-1,2008-08-28 18:47:00,492
493,-1,2008-08-28 18:57:00,493
494,-1,2008-08-28 20:20:00,494
495,1,2008-08-28 20:39:00,495
496,-1,2008-08-28 21:03:00,496
497,-1,2008-08-28 21:52:00,497
498,-1,2008-08-28 22:57:00,498
499,-1,2008-08-28 23:40:00,499
500,-1,2008-08-28 23:42:00,500
501,-1,2008-08-29 00:49:00,501
502,-1,2008-08-29 01:06:00,502
503,-1,2008-08-29 02:38:00,503
504,-1,2008-08-29 02:39:00,504
505,-1,2008-08-29 03:27:00,505
506,-1,2008-08-29 03:33:00,506
507,-1,2008-08-29 03:46:00,507
508,1,2008-08-29 04:55:00,508
509,-1,2008-08-29 04:56:00,509
510,-1,2008-08-29 05:16:00,510
511,-1,2008-08-29 05:54:00,511
512,-1,2008-08-29 05:54:00,512
513,-1,2008-08-29 05:57:00,513
514,-1,2008-08-29 05:57:00,514
515,-1,2008-08-29 06:35:00,515
516,-1,2008-08-29 06:37:00,516
517,-1,2008-08-29 06:40:00,517
518,1,2008-08-29 06:45:00,518
519,-1,2008-08-29 06:54:00,519
520,-1,2008-08-29 07:18:00,520
521,-1,2008-08-29 07:22:00,521
522,-1,2008-08-29 07:24:00,522
523,-1,2008-08-29 07:33:00,523
524,-1,2008-08-29 07:33:00,524
525,-1,2008-08-29 08:10:00,525
526,-1,2008-08-29 08:20:00,526
527,-1,2008-08-29 08:41:00,527
528,-1,2008-08-29 08:45:00,528
529,-1,2008-08-29 12:21:00,529
530,-1,2008-08-29 12:22:00,530
531,-1,2008-08-29 12:37:00,531
532,-1,2008-08-29 13:04:00,532
533,-1,2008-08-29 13:14:00,533
534,-1,2008-08-29 13:27:00,534
535,-1,2008-08-29 13:49:00,535
536,-1,2008-08-29 14:11:00,536
537,-1,2008-08-29 14:18:00,537
538,-1,2008-08-29 14:30:00,538
539,-1,2008-08-29 15:01:00,539
540,-1,2008-08-29 15:43:00,540
541,-1,2008-08-29 16:26:00,541
542,-1,2008-08-29 20:21:00,542
543,-1,2008-08-29 20:49:00,543
544,-1,2008-08-29 21:25:00,544
545,-1,2008-08-29 21:46:00,545
546,-1,2008-08-29 21:54:00,546
547,-1,2008-08-29 22:11:00,547
548,-1,2008-08-29 22:45:00,548
549,-1,2008-08-29 22:49:00,549
550,-1,2008-08-29 22:56:00,550
551,-1,2008-08-30 00:01:00,551
552,-1,2008-08-30 00:05:00,552
553,-1,2008-08-30 00:57:00,553
554,-1,2008-08-30 01:29:00,554
555,-1,2008-08-30 02:08:00,555
556,-1,2008-08-30 02:22:00,556
557,-1,2008-08-30 02:32:00,557
558,-1,2008-08-30 02:39:00,558
559,-1,2008-08-30 02:50:00,559
560,-1,2008-08-30 03:10:00,560
561,-1,2008-08-30 04:20:00,561
562,-1,2008-08-30 04:24:00,562
563,-1,2008-08-30 04:55:00,563
564,-1,2008-08-30 05:05:00,564
565,-1,2008-08-30 05:05:00,565
566,-1,2008-08-30 05:38:00,566
567,-1,2008-08-30 05:51:00,567
568,-1,2008-08-30 07:50:00,568
569,-1,2008-08-30 07:54:00,569
570,-1,2008-08-30 08:10:00,570
571,-1,2008-08-30 08:29:00,571
572,-1,2008-08-30 08:42:00,572
573,-1,2008-08-30 08:53:00,573
574,-1,2008-08-30 09:13:00,574
575,-1,2008-08-30 09:37:00,575
576,1,2008-08-30 09:45:00,576
577,-1,2008-08-30 10:15:00,577
578,-1,2008-08-30 10:16:00,578
579,-1,2008-08-30 11:12:00,579
580,-1,2008-08-30 11:14:00,580
581,-1,2008-08-30 11:18:00,581
582,-1,2008-08-30 11:57:00,582
583,1,2008-08-30 14:10:00,583
584,-1,2008-08-30 14:23:00,584
585,-1,2008-08-30 14:37:00,585
586,-1,2008-08-30 15:06:00,586
587,-1,2008-08-30 15:16:00,587
588,-1,2008-08-30 15:37:00,588
589,-1,2008-08-30 15:50:00,589
590,-1,2008-08-30 15:57:00,590
591,-1,2008-08-30 16:24:00,591
592,-1,2008-08-30 17:05:00,592
593,-1,2008-08-30 17:49:00,593
594,-1,2008-08-30 19:21:00,594
595,-1,2008-08-30 19:27:00,595
596,-1,2008-08-30 20:11:00,596
597,-1,2008-08-30 20:53:00,597
598,-1,2008-08-30 21:53:00,598
599,-1,2008-08-30 23:51:00,599
600,-1,2008-08-31 02:57:00,600
601,1,2008-08-31 04:46:00,601
602,-1,2008-08-31 05:05:00,602
603,-1,2008-08-31 09:11:00,603
604,-1,2008-08-31 10:36:00,604
605,1,2008-08-31 10:59:00,605
606,-1,2008-08-31 10:59:00,606
607,-1,2008-08-31 11:03:00,607
608,-1,2008-08-31 15:09:00,608
609,-1,2008-08-31 15:13:00,609
610,-1,2008-08-31 16:32:00,610
611,-1,2008-08-31 20:24:00,611
612,-1,2008-08-31 21:04:00,612
613,-1,2008-08-31 21:46:00,613
614,-1,2008-08-31 21:58:00,614
615,-1,2008-08-31 22:32:00,615
616,-1,2008-08-31 22:48:00,616
617,-1,2008-08-31 22:57:00,617
618,-1,2008-01-09 00:01:00,618
619,-1,2008-01-09 00:39:00,619
620,-1,2008-01-09 00:45:00,620
621,-1,2008-01-09 00:53:00,621
622,-1,2008-01-09 05:29:00,622
623,-1,2008-01-09 05:32:00,623
624,-1,2008-01-09 06:12:00,624
625,-1,2008-01-09 06:21:00,625
626,-1,2008-01-09 06:52:00,626
627,-1,2008-01-09 08:18:00,627
628,-1,2008-01-09 09:06:00,628
629,-1,2008-01-09 09:19:00,629
630,-1,2008-01-09 09:54:00,630
631,-1,2008-01-09 10:57:00,631
632,-1,2008-01-09 11:40:00,632
633,-1,2008-01-09 16:20:00,633
634,1,2008-01-09 19:54:00,634
635,-1,2008-01-09 20:51:00,635
636,-1,2008-01-09 22:05:00,636
637,-1,2008-01-09 23:05:00,637
638,-1,2008-01-09 23:19:00,638
639,-1,2008-01-09 23:24:00,639
640,-1,2008-01-09 23:28:00,640
641,-1,2008-01-09 23:39:00,641
642,-1,2008-01-09 23:45:00,642
643,-1,2008-01-09 23:59:00,643
644,-1,2008-02-09 00:26:00,644
645,-1,2008-02-09 00:31:00,645
646,-1,2008-02-09 00:46:00,646
647,-1,2008-02-09 01:09:00,647
648,-1,2008-02-09 01:10:00,648
649,-1,2008-02-09 01:10:00,649
650,-1,2008-02-09 01:36:00,650
651,-1,2008-02-09 01:50:00,651
652,-1,2008-02-09 02:02:00,652
653,-1,2008-02-09 02:11:00,653
654,-1,2008-02-09 02:50:00,654
655,-1,2008-02-09 02:52:00,655
656,-1,2008-02-09 03:33:00,656
657,-1,2008-02-09 03:35:00,657
658,-1,2008-02-09 03:35:00,658
659,-1,2008-02-09 04:19:00,659
660,-1,2008-02-09 04:22:00,660
661,-1,2008-02-09 05:46:00,661
662,-1,2008-02-09 06:03:00,662
663,-1,2008-02-09 06:19:00,663
664,-1,2008-02-09 06:32:00,664
665,-1,2008-02-09 06:48:00,665
666,-1,2008-02-09 07:22:00,666
667,-1,2008-02-09 07:32:00,667
668,-1,2008-02-09 08:15:00,668
669,-1,2008-02-09 08:54:00,669
670,-1,2008-02-09 09:36:00,670
671,-1,2008-02-09 09:37:00,671
672,-1,2008-02-09 10:13:00,672
673,-1,2008-02-09 10:21:00,673
674,-1,2008-02-09 10:25:00,674
675,-1,2008-02-09 10:33:00,675
676,-1,2008-02-09 11:08:00,676
677,-1,2008-02-09 11:22:00,677
678,-1,2008-02-09 11:47:00,678
679,-1,2008-02-09 11:49:00,679
680,-1,2008-02-09 12:01:00,680
681,-1,2008-02-09 12:17:00,681
682,-1,2008-02-09 12:26:00,682
683,-1,2008-02-09 12:30:00,683
684,-1,2008-02-09 12:44:00,684
685,-1,2008-02-09 13:05:00,685
686,-1,2008-02-09 13:08:00,686
687,-1,2008-02-09 13:27:00,687
688,-1,2008-02-09 13:40:00,688
689,-1,2008-02-09 14:09:00,689
690,-1,2008-02-09 14:21:00,690
691,-1,2008-02-09 14:34:00,691
692,-1,2008-02-09 15:29:00,692
693,-1,2008-02-09 16:10:00,693
694,-1,2008-02-09 16:50:00,694
695,-1,2008-02-09 16:54:00,695
696,-1,2008-02-09 16:58:00,696
697,-1,2008-02-09 17:10:00,697
698,-1,2008-02-09 17:18:00,698
699,-1,2008-02-09 18:38:00,699
700,-1,2008-02-09 18:52:00,700
701,-1,2008-02-09 19:18:00,701
702,-1,2008-02-09 20:18:00,702
703,-1,2008-02-09 20:52:00,703
704,-1,2008-02-09 20:58:00,704
705,-1,2008-02-09 20:59:00,705
706,-1,2008-03-09 00:18:00,706
707,-1,2008-03-09 00:45:00,707
708,-1,2008-03-09 00:58:00,708
709,1,2008-03-09 01:15:00,709
710,-1,2008-03-09 01:32:00,710
711,-1,2008-03-09 04:18:00,711
712,-1,2008-03-09 06:26:00,712
713,-1,2008-03-09 09:38:00,713
714,-1,2008-03-09 14:24:00,714
715,-1,2008-03-09 14:29:00,715
716,-1,2008-03-09 17:22:00,716
717,-1,2008-03-09 18:16:00,717
718,-1,2008-03-09 18:16:00,718
719,-1,2008-03-09 20:00:00,719
720,-1,2008-03-09 20:10:00,720
721,-1,2008-04-09 08:01:00,721
722,-1,2008-04-09 08:22:00,722
723,-1,2008-04-09 08:33:00,723
724,-1,2008-04-09 08:41:00,724
725,-1,2008-04-09 08:53:00,725
726,-1,2008-04-09 11:50:00,726
727,-1,2008-04-09 14:09:00,727
728,-1,2008-04-09 14:11:00,728
729,-1,2008-04-09 14:48:00,729
730,-1,2008-04-09 16:30:00,730
731,-1,2008-04-09 16:41:00,731
732,-1,2008-04-09 16:56:00,732
733,-1,2008-04-09 17:30:00,733
734,-1,2008-05-09 15:30:00,734
735,-1,2008-05-09 21:48:00,735
736,-1,2008-07-09 00:08:00,736
737,-1,2008-07-09 00:12:00,737
738,-1,2008-07-09 00:49:00,738
739,-1,2008-07-09 10:52:00,739
740,-1,2008-07-09 12:04:00,740
741,-1,2008-07-09 12:20:00,741
742,-1,2008-07-09 13:02:00,742
743,-1,2008-07-09 18:02:00,743
744,-1,2008-07-09 18:24:00,744
745,-1,2008-07-09 18:49:00,745
746,-1,2008-07-09 19:29:00,746
747,-1,2008-07-09 19:31:00,747
748,-1,2008-07-09 20:12:00,748
749,-1,2008-07-09 20:50:00,749
750,-1,2008-07-09 23:33:00,750
751,-1,2008-08-09 00:32:00,751
752,-1,2008-08-09 00:40:00,752
753,-1,2008-08-09 01:24:00,753
754,-1,2008-08-09 03:32:00,754
755,-1,2008-08-09 03:48:00,755
756,-1,2008-08-09 04:21:00,756
757,-1,2008-08-09 06:37:00,757
758,-1,2008-08-09 07:14:00,758
759,-1,2008-08-09 07:41:00,759
760,-1,2008-08-09 18:46:00,760
761,-1,2008-08-09 19:14:00,761
762,-1,2008-08-09 19:15:00,762
763,-1,2008-08-09 19:25:00,763
764,-1,2008-08-09 19:33:00,764
765,-1,2008-08-09 20:00:00,765
766,-1,2008-08-09 21:36:00,766
767,-1,2008-08-09 21:53:00,767
768,-1,2008-08-09 22:17:00,768
769,-1,2008-09-09 00:25:00,769
770,-1,2008-09-09 03:53:00,770
771,-1,2008-09-09 08:44:00,771
772,-1,2008-10-09 07:26:00,772
773,-1,2008-10-09 09:21:00,773
774,-1,2008-10-09 20:52:00,774
775,-1,2008-10-09 20:53:00,775
776,-1,2008-10-09 21:56:00,776
777,-1,2008-10-09 23:30:00,777
778,-1,2008-10-09 23:43:00,778
779,-1,2008-11-09 00:17:00,779
780,-1,2008-11-09 05:20:00,780
781,-1,2008-11-09 06:04:00,781
782,-1,2008-11-09 07:43:00,782
783,-1,2008-11-09 08:06:00,783
784,-1,2008-11-09 08:58:00,784
785,-1,2008-11-09 09:24:00,785
786,-1,2008-11-09 12:47:00,786
787,-1,2008-11-09 13:36:00,787
788,-1,2008-11-09 14:20:00,788
789,-1,2008-11-09 14:24:00,789
790,-1,2008-11-09 14:31:00,790
791,-1,2008-11-09 15:05:00,791
792,-1,2008-11-09 15:08:00,792
793,-1,2008-11-09 16:28:00,793
794,-1,2008-11-09 21:13:00,794
795,1,2008-11-09 22:07:00,795
796,-1,2008-11-09 23:10:00,796
797,1,2008-11-09 23:48:00,797
798,-1,2008-12-09 05:11:00,798
799,-1,2008-12-09 05:55:00,799
800,-1,2008-12-09 06:38:00,800
801,-1,2008-12-09 06:41:00,801
802,-1,2008-12-09 06:45:00,802
803,-1,2008-12-09 07:21:00,803
804,-1,2008-12-09 07:29:00,804
805,-1,2008-12-09 07:38:00,805
806,-1,2008-12-09 11:57:00,806
807,-1,2008-12-09 13:08:00,807
808,-1,2008-12-09 14:52:00,808
809,-1,2008-12-09 15:40:00,809
810,-1,2008-12-09 16:23:00,810
811,-1,2008-12-09 18:01:00,811
812,-1,2008-12-09 18:52:00,812
813,-1,2008-12-09 19:36:00,813
814,-1,2008-12-09 20:28:00,814
815,-1,2008-12-09 21:12:00,815
816,-1,2008-12-09 22:25:00,816
817,-1,2008-12-09 22:45:00,817
818,-1,2008-12-09 23:28:00,818
819,-1,2008-12-09 23:40:00,819
820,-1,2008-09-13 00:25:00,820
821,-1,2008-09-13 02:57:00,821
822,-1,2008-09-13 03:14:00,822
823,-1,2008-09-13 09:19:00,823
824,-1,2008-09-13 10:55:00,824
825,-1,2008-09-13 11:42:00,825
826,1,2008-09-13 11:56:00,826
827,-1,2008-09-13 12:48:00,827
828,-1,2008-09-13 14:07:00,828
829,-1,2008-09-13 16:04:00,829
830,-1,2008-09-13 16:04:00,830
831,1,2008-09-13 20:06:00,831
832,-1,2008-09-14 02:50:00,832
833,-1,2008-09-14 02:59:00,833
834,-1,2008-09-14 15:02:00,834
835,-1,2008-09-14 15:46:00,835
836,-1,2008-09-14 16:34:00,836
837,-1,2008-09-14 17:40:00,837
838,-1,2008-09-14 18:27:00,838
839,-1,2008-09-14 18:27:00,839
840,-1,2008-09-14 19:13:00,840
841,-1,2008-09-14 20:00:00,841
842,-1,2008-09-14 20:43:00,842
843,-1,2008-09-14 20:45:00,843
844,-1,2008-09-14 21:31:00,844
845,-1,2008-09-14 23:00:00,845
846,-1,2008-09-15 02:04:00,846
847,-1,2008-09-15 10:03:00,847
848,-1,2008-09-15 11:40:00,848
849,-1,2008-09-15 12:27:00,849
850,-1,2008-09-15 16:10:00,850
851,-1,2008-09-15 16:59:00,851
852,-1,2008-09-15 19:54:00,852
853,-1,2008-09-15 21:56:00,853
854,-1,2008-09-15 22:13:00,854
855,-1,2008-09-15 22:45:00,855
856,-1,2008-09-15 22:54:00,856
857,-1,2008-09-15 23:37:00,857
858,-1,2008-09-16 07:39:00,858
859,-1,2008-09-16 07:48:00,859
860,-1,2008-09-16 08:50:00,860
861,-1,2008-09-16 08:52:00,861
862,-1,2008-09-16 09:37:00,862
863,-1,2008-09-16 17:07:00,863
864,-1,2008-09-16 18:09:00,864
865,-1,2008-09-16 18:23:00,865
866,-1,2008-09-16 19:34:00,866
867,-1,2008-09-16 19:45:00,867
868,-1,2008-09-16 21:21:00,868
869,-1,2008-09-16 22:45:00,869
870,-1,2008-09-17 02:01:00,870
871,1,2008-09-17 04:23:00,871
872,-1,2008-09-17 07:14:00,872
873,-1,2008-09-17 07:28:00,873
874,-1,2008-09-17 21:52:00,874
875,-1,2008-09-18 00:57:00,875
876,-1,2008-09-18 01:40:00,876
877,-1,2008-09-18 01:43:00,877
878,-1,2008-09-18 02:01:00,878
879,-1,2008-09-18 03:58:00,879
880,-1,2008-09-18 03:58:00,880
881,-1,2008-09-18 05:44:00,881
882,-1,2008-09-18 05:58:00,882
883,-1,2008-09-18 08:04:00,883
884,-1,2008-09-18 10:48:00,884
885,-1,2008-09-18 13:48:00,885
886,-1,2008-09-18 17:22:00,886
887,-1,2008-09-18 18:12:00,887
888,-1,2008-09-18 18:56:00,888
889,-1,2008-09-18 21:12:00,889
890,-1,2008-09-18 21:56:00,890
891,-1,2008-09-18 23:00:00,891
892,-1,2008-09-18 23:05:00,892
893,-1,2008-09-18 23:44:00,893
894,-1,2008-09-19 00:30:00,894
895,-1,2008-09-19 01:57:00,895
896,-1,2008-09-19 02:44:00,896
897,-1,2008-09-19 04:42:00,897
898,-1,2008-09-19 05:33:00,898
899,-1,2008-09-19 05:57:00,899
900,-1,2008-09-19 06:01:00,900
901,-1,2008-09-19 06:44:00,901
902,-1,2008-09-19 07:14:00,902
903,-1,2008-09-19 07:18:00,903
904,-1,2008-09-19 08:08:00,904
905,-1,2008-09-19 08:52:00,905
906,-1,2008-09-19 09:12:00,906
907,-1,2008-09-19 09:47:00,907
908,-1,2008-09-19 10:45:00,908
909,-1,2008-09-19 11:13:00,909
910,-1,2008-09-19 11:54:00,910
911,-1,2008-09-19 13:59:00,911
912,-1,2008-09-19 15:31:00,912
913,-1,2008-09-19 16:40:00,913
914,1,2008-09-19 16:58:00,914
915,-1,2008-09-19 17:47:00,915
916,-1,2008-09-19 18:11:00,916
917,-1,2008-09-19 18:33:00,917
918,-1,2008-09-19 19:18:00,918
919,-1,2008-09-19 19:29:00,919
920,-1,2008-09-19 20:05:00,920
921,-1,2008-09-19 20:07:00,921
922,-1,2008-09-19 20:10:00,922
923,-1,2008-09-19 20:17:00,923
924,1,2008-09-19 20:19:00,924
925,-1,2008-09-19 21:08:00,925
926,1,2008-09-19 21:09:00,926
927,-1,2008-09-19 21:13:00,927
928,-1,2008-09-19 21:14:00,928
929,1,2008-09-19 21:59:00,929
930,-1,2008-09-19 23:26:00,930
931,-1,2008-09-19 23:33:00,931
932,-1,2008-09-20 00:18:00,932
933,-1,2008-09-20 00:33:00,933
934,-1,2008-09-20 03:58:00,934
935,-1,2008-09-20 04:13:00,935
936,-1,2008-09-20 04:28:00,936
937,-1,2008-09-20 05:22:00,937
938,-1,2008-09-20 05:25:00,938
939,-1,2008-09-20 05:34:00,939
940,-1,2008-09-20 06:08:00,940
941,-1,2008-09-20 07:21:00,941
942,-1,2008-09-20 08:14:00,942
943,-1,2008-09-20 10:51:00,943
944,-1,2008-09-20 11:18:00,944
945,-1,2008-09-20 12:20:00,945
946,-1,2008-09-20 12:26:00,946
947,-1,2008-09-20 12:27:00,947
948,-1,2008-09-20 12:36:00,948
949,-1,2008-09-20 12:57:00,949
950,-1,2008-09-20 14:00:00,950
951,-1,2008-09-20 14:06:00,951
952,-1,2008-09-20 14:42:00,952
953,-1,2008-09-20 14:50:00,953
954,-1,2008-09-20 14:53:00,954
955,-1,2008-09-20 15:02:00,955
956,-1,2008-09-20 15:19:00,956
957,-1,2008-09-20 15:37:00,957
958,-1,2008-09-20 15:46:00,958
959,-1,2008-09-20 16:43:00,959
960,-1,2008-09-20 16:44:00,960
961,-1,2008-09-20 17:26:00,961
962,-1,2008-09-20 17:29:00,962
963,-1,2008-09-20 18:03:00,963
964,-1,2008-09-20 18:21:00,964
965,-1,2008-09-20 18:56:00,965
966,-1,2008-09-20 19:14:00,966
967,-1,2008-09-20 19:21:00,967
968,-1,2008-09-20 23:34:00,968
969,-1,2008-09-21 00:48:00,969
970,-1,2008-09-21 01:06:00,970
971,-1,2008-09-21 02:07:00,971
972,-1,2008-09-21 03:04:00,972
973,-1,2008-09-21 03:47:00,973
974,-1,2008-09-21 04:17:00,974
975,-1,2008-09-21 04:49:00,975
976,-1,2008-09-21 07:30:00,976
977,-1,2008-09-21 07:55:00,977
978,-1,2008-09-21 08:22:00,978
979,-1,2008-09-21 08:49:00,979
980,-1,2008-09-21 09:16:00,980
981,-1,2008-09-21 09:31:00,981
982,-1,2008-09-21 10:07:00,982
983,-1,2008-09-21 10:49:00,983
984,-1,2008-09-21 11:33:00,984
985,-1,2008-09-21 12:04:00,985
986,-1,2008-09-21 14:30:00,986
987,-1,2008-09-21 14:31:00,987
988,-1,2008-09-21 14:33:00,988
989,-1,2008-09-21 15:15:00,989
990,-1,2008-09-21 15:26:00,990
991,-1,2008-09-21 15:34:00,991
992,-1,2008-09-21 16:43:00,992
993,-1,2008-09-21 17:26:00,993
994,-1,2008-09-21 17:30:00,994
995,-1,2008-09-21 18:12:00,995
996,-1,2008-09-21 19:19:00,996
997,-1,2008-09-21 20:35:00,997
998,-1,2008-09-21 21:54:00,998
999,-1,2008-09-21 22:02:00,999
1000,-1,2008-09-22 00:12:00,1000
1001,-1,2008-09-22 00:28:00,1001
1002,-1,2008-09-22 00:47:00,1002
1003,-1,2008-09-22 01:43:00,1003
1004,-1,2008-09-22 03:51:00,1004
1005,-1,2008-09-22 06:05:00,1005
1006,-1,2008-09-22 07:12:00,1006
1007,-1,2008-09-22 10:43:00,1007
1008,-1,2008-09-22 11:50:00,1008
1009,-1,2008-09-22 12:11:00,1009
1010,-1,2008-09-22 12:45:00,1010
1011,-1,2008-09-22 13:03:00,1011
1012,-1,2008-09-22 14:24:00,1012
1013,-1,2008-09-22 14:27:00,1013
1014,-1,2008-09-22 14:36:00,1014
1015,-1,2008-09-22 16:25:00,1015
1016,-1,2008-09-22 21:30:00,1016
1017,-1,2008-09-22 21:31:00,1017
1018,-1,2008-09-22 22:15:00,1018
1019,-1,2008-09-22 22:17:00,1019
1020,-1,2008-09-22 23:01:00,1020
1021,-1,2008-09-22 23:10:00,1021
1022,-1,2008-09-23 00:57:00,1022
1023,-1,2008-09-23 06:44:00,1023
1024,-1,2008-09-23 06:44:00,1024
1025,-1,2008-09-23 06:52:00,1025
1026,-1,2008-09-23 07:58:00,1026
1027,-1,2008-09-23 08:11:00,1027
1028,-1,2008-09-23 09:43:00,1028
1029,1,2008-09-23 11:14:00,1029
1030,-1,2008-09-23 11:42:00,1030
1031,-1,2008-09-23 11:43:00,1031
1032,-1,2008-09-23 12:29:00,1032
1033,-1,2008-09-23 12:31:00,1033
1034,-1,2008-09-23 12:46:00,1034
1035,-1,2008-09-23 13:37:00,1035
1036,-1,2008-09-23 15:23:00,1036
1037,-1,2008-09-23 15:33:00,1037
1038,-1,2008-09-23 15:58:00,1038
1039,-1,2008-09-23 18:10:00,1039
1040,-1,2008-09-23 18:36:00,1040
1041,-1,2008-09-23 18:56:00,1041
1042,-1,2008-09-23 20:18:00,1042
1043,-1,2008-09-23 20:59:00,1043
1044,-1,2008-09-23 21:26:00,1044
1045,-1,2008-09-23 22:25:00,1045
1046,-1,2008-09-24 02:19:00,1046
1047,-1,2008-09-24 02:44:00,1047
1048,-1,2008-09-24 03:32:00,1048
1049,-1,2008-09-24 03:40:00,1049
1050,-1,2008-09-24 05:13:00,1050
1051,-1,2008-09-24 05:22:00,1051
1052,-1,2008-09-24 06:13:00,1052
1053,-1,2008-09-24 06:14:00,1053
1054,-1,2008-09-24 07:23:00,1054
1055,-1,2008-09-24 10:10:00,1055
1056,-1,2008-09-24 10:53:00,1056
1057,-1,2008-09-24 10:59:00,1057
1058,-1,2008-09-24 11:47:00,1058
1059,-1,2008-09-24 12:04:00,1059
1060,-1,2008-09-24 12:35:00,1060
1061,-1,2008-09-24 13:01:00,1061
1062,1,2008-09-24 15:05:00,1062
1063,-1,2008-09-24 15:39:00,1063
1064,-1,2008-09-24 15:42:00,1064
1065,-1,2008-09-24 15:43:00,1065
1066,-1,2008-09-24 16:26:00,1066
1067,-1,2008-09-24 17:54:00,1067
1068,-1,2008-09-24 18:05:00,1068
1069,-1,2008-09-25 01:05:00,1069
1070,-1,2008-09-25 02:03:00,1070
1071,-1,2008-09-25 06:21:00,1071
1072,-1,2008-09-25 07:12:00,1072
1073,-1,2008-09-25 07:58:00,1073
1074,-1,2008-09-25 08:45:00,1074
1075,-1,2008-09-25 09:31:00,1075
1076,-1,2008-09-25 10:23:00,1076
1077,-1,2008-09-25 11:08:00,1077
1078,-1,2008-09-25 11:09:00,1078
1079,-1,2008-09-25 11:55:00,1079
1080,-1,2008-09-25 13:42:00,1080
1081,-1,2008-09-25 14:08:00,1081
1082,-1,2008-09-25 14:28:00,1082
1083,-1,2008-09-25 15:12:00,1083
1084,-1,2008-09-25 15:40:00,1084
1085,-1,2008-09-25 15:55:00,1085
1086,-1,2008-09-25 16:44:00,1086
1087,-1,2008-09-25 17:28:00,1087
1088,-1,2008-09-25 17:29:00,1088
1089,-1,2008-09-25 19:49:00,1089
1090,-1,2008-09-25 22:05:00,1090
1091,-1,2008-09-25 23:04:00,1091
1092,-1,2008-09-25 23:48:00,1092
1093,-1,2008-09-26 00:19:00,1093
1094,-1,2008-09-26 01:21:00,1094
1095,-1,2008-09-26 02:26:00,1095
1096,-1,2008-09-26 03:12:00,1096
1097,-1,2008-09-26 03:29:00,1097
1098,-1,2008-09-26 04:14:00,1098
1099,-1,2008-09-26 05:32:00,1099
1100,-1,2008-09-26 11:08:00,1100
1101,-1,2008-09-26 13:36:00,1101
1102,-1,2008-09-26 13:45:00,1102
1103,-1,2008-09-26 14:20:00,1103
1104,-1,2008-09-26 14:51:00,1104
1105,-1,2008-09-26 15:06:00,1105
1106,-1,2008-09-26 15:36:00,1106
1107,-1,2008-09-26 15:49:00,1107
1108,-1,2008-09-26 16:31:00,1108
1109,-1,2008-09-26 17:59:00,1109
1110,-1,2008-09-26 18:54:00,1110
1111,-1,2008-09-26 19:38:00,1111
1112,-1,2008-09-26 19:45:00,1112
1113,-1,2008-09-26 19:55:00,1113
1114,-1,2008-09-26 20:23:00,1114
1115,-1,2008-09-26 20:31:00,1115
1116,-1,2008-09-27 00:16:00,1116
1117,-1,2008-09-27 00:17:00,1117
1118,-1,2008-09-27 01:29:00,1118
1119,-1,2008-09-27 03:53:00,1119
1120,-1,2008-09-27 10:10:00,1120
1121,-1,2008-09-27 10:13:00,1121
1122,-1,2008-09-27 11:04:00,1122
1123,-1,2008-09-27 11:45:00,1123
1124,-1,2008-09-27 11:54:00,1124
1125,-1,2008-09-27 12:26:00,1125
1126,-1,2008-09-27 12:28:00,1126
1127,-1,2008-09-27 12:36:00,1127
1128,-1,2008-09-27 13:14:00,1128
1129,-1,2008-09-27 13:19:00,1129
1130,-1,2008-09-27 14:01:00,1130
1131,-1,2008-09-27 14:05:00,1131
1132,-1,2008-09-27 14:46:00,1132
1133,-1,2008-09-27 15:09:00,1133
1134,-1,2008-09-27 15:30:00,1134
1135,-1,2008-09-27 16:13:00,1135
1136,-1,2008-09-27 17:26:00,1136
1137,-1,2008-09-27 18:14:00,1137
1138,-1,2008-09-27 19:16:00,1138
1139,-1,2008-09-27 20:46:00,1139
1140,-1,2008-09-27 21:45:00,1140
1141,-1,2008-09-28 00:51:00,1141
1142,-1,2008-09-28 01:22:00,1142
1143,-1,2008-09-28 03:55:00,1143
1144,1,2008-09-28 04:45:00,1144
1145,-1,2008-09-28 05:31:00,1145
1146,-1,2008-09-28 06:22:00,1146
1147,-1,2008-09-28 07:38:00,1147
1148,-1,2008-09-28 07:52:00,1148
1149,-1,2008-09-28 08:40:00,1149
1150,-1,2008-09-28 08:41:00,1150
1151,1,2008-09-28 09:50:00,1151
1152,-1,2008-09-28 17:05:00,1152
1153,-1,2008-09-28 17:06:00,1153
1154,-1,2008-09-28 17:49:00,1154
1155,-1,2008-09-28 17:55:00,1155
1156,-1,2008-09-28 18:34:00,1156
1157,-1,2008-09-28 18:43:00,1157
1158,-1,2008-09-28 19:18:00,1158
1159,-1,2008-09-28 19:29:00,1159
1160,-1,2008-09-28 20:02:00,1160
1161,-1,2008-09-28 20:42:00,1161
1162,-1,2008-09-28 21:08:00,1162
1163,-1,2008-09-28 21:27:00,1163
1164,-1,2008-09-28 22:44:00,1164
1165,-1,2008-09-28 23:54:00,1165
1166,-1,2008-09-29 02:06:00,1166
1167,-1,2008-09-29 03:07:00,1167
1168,-1,2008-09-29 03:50:00,1168
1169,-1,2008-09-29 04:18:00,1169
1170,-1,2008-09-29 04:47:00,1170
1171,-1,2008-09-29 05:32:00,1171
1172,-1,2008-09-29 07:53:00,1172
1173,-1,2008-09-29 09:15:00,1173
1174,-1,2008-09-29 11:13:00,1174
1175,-1,2008-09-29 11:53:00,1175
1176,-1,2008-09-29 12:25:00,1176
1177,-1,2008-09-29 14:03:00,1177
1178,-1,2008-09-29 14:04:00,1178
1179,-1,2008-09-29 14:08:00,1179
1180,-1,2008-09-29 15:09:00,1180
1181,-1,2008-09-29 15:16:00,1181
1182,-1,2008-09-29 16:27:00,1182
1183,-1,2008-09-29 17:21:00,1183
1184,-1,2008-09-29 21:26:00,1184
1185,1,2008-09-29 21:48:00,1185
1186,-1,2008-09-29 22:13:00,1186
1187,-1,2008-09-30 01:33:00,1187
1188,-1,2008-09-30 01:36:00,1188
1189,1,2008-09-30 02:44:00,1189
1190,-1,2008-09-30 04:01:00,1190
1191,-1,2008-09-30 04:42:00,1191
1192,-1,2008-09-30 08:44:00,1192
1193,-1,2008-09-30 12:31:00,1193
1194,-1,2008-09-30 13:29:00,1194
1195,-1,2008-09-30 14:20:00,1195
1196,-1,2008-09-30 14:36:00,1196
1197,-1,2008-09-30 15:16:00,1197
1198,-1,2008-09-30 15:26:00,1198
1199,-1,2008-09-30 16:13:00,1199
1200,-1,2008-09-30 16:50:00,1200
1201,-1,2008-09-30 17:27:00,1201
1202,-1,2008-09-30 19:17:00,1202
1203,-1,2008-09-30 19:17:00,1203
1204,-1,2008-09-30 21:39:00,1204
1205,-1,2008-09-30 21:42:00,1205
1206,-1,2008-09-30 23:34:00,1206
1207,-1,2008-09-30 23:58:00,1207
1208,-1,2008-01-10 00:20:00,1208
1209,-1,2008-01-10 01:11:00,1209
1210,-1,2008-01-10 02:53:00,1210
1211,1,2008-01-10 05:56:00,1211
1212,-1,2008-01-10 07:19:00,1212
1213,-1,2008-01-10 07:28:00,1213
1214,-1,2008-01-10 08:15:00,1214
1215,-1,2008-01-10 09:15:00,1215
1216,-1,2008-01-10 09:16:00,1216
1217,-1,2008-01-10 14:22:00,1217
1218,-1,2008-01-10 15:16:00,1218
1219,-1,2008-01-10 16:43:00,1219
1220,-1,2008-01-10 19:57:00,1220
1221,-1,2008-01-10 21:15:00,1221
1222,-1,2008-01-10 21:50:00,1222
1223,-1,2008-01-10 22:47:00,1223
1224,-1,2008-01-10 23:34:00,1224
1225,-1,2008-02-10 00:21:00,1225
1226,-1,2008-02-10 00:22:00,1226
1227,1,2008-02-10 03:17:00,1227
1228,-1,2008-02-10 03:27:00,1228
1229,-1,2008-02-10 04:11:00,1229
1230,-1,2008-02-10 04:23:00,1230
1231,-1,2008-02-10 04:24:00,1231
1232,-1,2008-02-10 06:49:00,1232
1233,-1,2008-02-10 07:35:00,1233
1234,-1,2008-02-10 07:58:00,1234
1235,-1,2008-02-10 08:24:00,1235
1236,-1,2008-02-10 08:52:00,1236
1237,-1,2008-02-10 08:57:00,1237
1238,1,2008-02-10 09:10:00,1238
1239,-1,2008-02-10 09:42:00,1239
1240,-1,2008-02-10 10:03:00,1240
1241,1,2008-02-10 14:07:00,1241
1242,1,2008-02-10 14:10:00,1242
1243,-1,2008-02-10 14:54:00,1243
1244,-1,2008-02-10 15:10:00,1244
1245,-1,2008-02-10 15:44:00,1245
1246,-1,2008-02-10 15:58:00,1246
1247,-1,2008-02-10 16:32:00,1247
1248,-1,2008-02-10 16:58:00,1248
1249,-1,2008-02-10 17:00:00,1249
1250,-1,2008-02-10 17:19:00,1250
1251,-1,2008-02-10 19:21:00,1251
1252,-1,2008-02-10 19:25:00,1252
1253,-1,2008-02-10 20:54:00,1253
1254,1,2008-02-10 21:32:00,1254
1255,-1,2008-02-10 21:33:00,1255
1256,-1,2008-02-10 22:23:00,1256
1257,-1,2008-02-10 22:33:00,1257
1258,-1,2008-02-10 23:32:00,1258
1259,-1,2008-02-10 23:32:00,1259
1260,-1,2008-03-10 00:24:00,1260
1261,-1,2008-03-10 00:55:00,1261
1262,-1,2008-03-10 02:41:00,1262
1263,-1,2008-03-10 03:52:00,1263
1264,-1,2008-03-10 03:56:00,1264
1265,-1,2008-03-10 04:49:00,1265
1266,-1,2008-03-10 05:01:00,1266
1267,-1,2008-03-10 05:45:00,1267
1268,-1,2008-03-10 06:15:00,1268
1269,-1,2008-03-10 08:35:00,1269
1270,-1,2008-03-10 09:30:00,1270
1271,-1,2008-03-10 11:40:00,1271
1272,-1,2008-03-10 12:31:00,1272
1273,-1,2008-03-10 18:45:00,1273
1274,-1,2008-03-10 19:23:00,1274
1275,-1,2008-03-10 19:23:00,1275
1276,-1,2008-03-10 20:11:00,1276
1277,-1,2008-03-10 20:26:00,1277
1278,-1,2008-03-10 20:35:00,1278
1279,-1,2008-03-10 20:46:00,1279
1280,-1,2008-03-10 21:15:00,1280
1281,-1,2008-03-10 21:52:00,1281
1282,-1,2008-03-10 22:08:00,1282
1283,-1,2008-03-10 22:53:00,1283
1284,-1,2008-03-10 23:46:00,1284
1285,-1,2008-04-10 00:58:00,1285
1286,-1,2008-04-10 01:49:00,1286
1287,-1,2008-04-10 02:36:00,1287
1288,-1,2008-04-10 03:53:00,1288
1289,-1,2008-04-10 04:12:00,1289
1290,-1,2008-04-10 04:45:00,1290
1291,-1,2008-04-10 09:29:00,1291
1292,-1,2008-04-10 15:16:00,1292
1293,-1,2008-04-10 16:58:00,1293
1294,-1,2008-04-10 18:15:00,1294
1295,-1,2008-04-10 18:25:00,1295
1296,-1,2008-04-10 18:59:00,1296
1297,-1,2008-04-10 19:12:00,1297
1298,-1,2008-04-10 19:47:00,1298
1299,-1,2008-04-10 19:54:00,1299
1300,-1,2008-04-10 20:39:00,1300
1301,-1,2008-04-10 22:06:00,1301
1302,1,2008-04-10 23:18:00,1302
1303,1,2008-05-10 00:33:00,1303
1304,-1,2008-05-10 00:33:00,1304
1305,-1,2008-05-10 01:35:00,1305
1306,-1,2008-05-10 04:01:00,1306
1307,-1,2008-05-10 04:20:00,1307
1308,-1,2008-05-10 04:48:00,1308
1309,-1,2008-05-10 05:31:00,1309
1310,-1,2008-05-10 05:53:00,1310
1311,-1,2008-05-10 06:15:00,1311
1312,-1,2008-05-10 08:02:00,1312
1313,-1,2008-05-10 08:40:00,1313
1314,-1,2008-05-10 09:04:00,1314
1315,-1,2008-05-10 09:47:00,1315
1316,-1,2008-05-10 10:00:00,1316
1317,-1,2008-05-10 10:43:00,1317
1318,-1,2008-05-10 11:05:00,1318
1319,-1,2008-05-10 11:30:00,1319
1320,-1,2008-05-10 12:03:00,1320
1321,-1,2008-05-10 12:17:00,1321
1322,-1,2008-05-10 13:49:00,1322
1323,-1,2008-05-10 14:34:00,1323
1324,1,2008-05-10 15:30:00,1324
1325,1,2008-05-10 15:35:00,1325
1326,-1,2008-05-10 16:15:00,1326
1327,1,2008-05-10 16:37:00,1327
1328,1,2008-05-10 16:49:00,1328
1329,1,2008-05-10 18:46:00,1329
1330,-1,2008-05-10 18:59:00,1330
1331,-1,2008-05-10 19:45:00,1331
1332,-1,2008-05-10 20:12:00,1332
1333,-1,2008-05-10 20:30:00,1333
1334,-1,2008-05-10 22:13:00,1334
1335,-1,2008-06-10 00:41:00,1335
1336,-1,2008-06-10 01:25:00,1336
1337,-1,2008-06-10 01:27:00,1337
1338,-1,2008-06-10 01:30:00,1338
1339,-1,2008-06-10 02:44:00,1339
1340,-1,2008-06-10 02:49:00,1340
1341,-1,2008-06-10 03:31:00,1341
1342,1,2008-06-10 03:50:00,1342
1343,1,2008-06-10 03:57:00,1343
1344,-1,2008-06-10 04:26:00,1344
1345,-1,2008-06-10 05:21:00,1345
1346,-1,2008-06-10 05:24:00,1346
1347,-1,2008-06-10 06:11:00,1347
1348,-1,2008-06-10 06:26:00,1348
1349,-1,2008-06-10 06:49:00,1349
1350,-1,2008-06-10 07:12:00,1350
1351,-1,2008-06-10 07:17:00,1351
1352,-1,2008-06-10 07:35:00,1352
1353,-1,2008-06-10 07:38:00,1353
1354,-1,2008-06-10 08:24:00,1354
1355,-1,2008-06-10 08:57:00,1355
1356,-1,2008-06-10 09:11:00,1356
1357,-1,2008-06-10 09:57:00,1357
1358,-1,2008-06-10 10:07:00,1358
1359,-1,2008-06-10 11:51:00,1359
1360,-1,2008-06-10 12:39:00,1360
1361,-1,2008-06-10 12:42:00,1361
1362,-1,2008-06-10 13:08:00,1362
1363,1,2008-06-10 13:38:00,1363
1364,1,2008-06-10 13:55:00,1364
1365,1,2008-06-10 15:00:00,1365
1366,-1,2008-06-10 15:01:00,1366
1367,-1,2008-06-10 15:52:00,1367
1368,-1,2008-06-10 16:42:00,1368
1369,-1,2008-06-10 16:50:00,1369
1370,-1,2008-06-10 17:26:00,1370
1371,-1,2008-06-10 17:26:00,1371
1372,-1,2008-06-10 17:35:00,1372
1373,-1,2008-06-10 18:54:00,1373
1374,-1,2008-06-10 18:55:00,1374
1375,-1,2008-06-10 19:42:00,1375
1376,-1,2008-06-10 20:02:00,1376
1377,-1,2008-06-10 20:36:00,1377
1378,-1,2008-06-10 20:47:00,1378
1379,-1,2008-06-10 21:46:00,1379
1380,-1,2008-06-10 21:48:00,1380
1381,-1,2008-06-10 22:37:00,1381
1382,-1,2008-06-10 23:03:00,1382
1383,-1,2008-07-10 01:46:00,1383
1384,-1,2008-07-10 03:29:00,1384
1385,-1,2008-07-10 03:39:00,1385
1386,-1,2008-07-10 07:32:00,1386
1387,-1,2008-07-10 07:41:00,1387
1388,-1,2008-07-10 08:25:00,1388
1389,-1,2008-07-10 08:26:00,1389
1390,-1,2008-07-10 09:11:00,1390
1391,-1,2008-07-10 09:20:00,1391
1392,-1,2008-07-10 09:59:00,1392
1393,-1,2008-07-10 10:04:00,1393
1394,-1,2008-07-10 10:10:00,1394
1395,-1,2008-07-10 10:51:00,1395
1396,-1,2008-07-10 11:15:00,1396
1397,-1,2008-07-10 11:16:00,1397
1398,-1,2008-07-10 11:36:00,1398
1399,-1,2008-07-10 12:40:00,1399
1400,1,2008-07-10 13:10:00,1400
1401,-1,2008-07-10 13:48:00,1401
1402,-1,2008-07-10 14:35:00,1402
1403,-1,2008-07-10 16:32:00,1403
1404,-1,2008-07-10 17:06:00,1404
1405,-1,2008-07-10 17:28:00,1405
1406,-1,2008-07-10 18:39:00,1406
1407,-1,2008-07-10 19:24:00,1407
1408,-1,2008-07-10 20:19:00,1408
1409,-1,2008-07-10 20:39:00,1409
1410,-1,2008-07-10 20:48:00,1410
1411,-1,2008-08-10 04:47:00,1411
1412,-1,2008-08-10 05:35:00,1412
1413,-1,2008-08-10 05:38:00,1413
1414,-1,2008-08-10 06:25:00,1414
1415,-1,2008-08-10 07:10:00,1415
1416,-1,2008-08-10 07:13:00,1416
1417,-1,2008-08-10 07:16:00,1417
1418,-1,2008-08-10 09:01:00,1418
1419,-1,2008-08-10 09:06:00,1419
1420,-1,2008-08-10 10:37:00,1420
1421,-1,2008-08-10 12:11:00,1421
1422,-1,2008-08-10 13:35:00,1422
1423,-1,2008-08-10 13:38:00,1423
1424,-1,2008-08-10 14:48:00,1424
1425,-1,2008-08-10 15:37:00,1425
1426,-1,2008-08-10 16:26:00,1426
1427,-1,2008-08-10 17:14:00,1427
1428,-1,2008-08-10 17:31:00,1428
1429,-1,2008-08-10 17:41:00,1429
1430,-1,2008-08-10 18:22:00,1430
1431,-1,2008-08-10 20:27:00,1431
1432,-1,2008-08-10 21:19:00,1432
1433,-1,2008-08-10 21:45:00,1433
1434,-1,2008-08-10 22:08:00,1434
1435,-1,2008-08-10 23:13:00,1435
1436,-1,2008-08-10 23:50:00,1436
1437,-1,2008-09-10 00:23:00,1437
1438,1,2008-09-10 04:34:00,1438
1439,-1,2008-09-10 06:06:00,1439
1440,-1,2008-09-10 07:38:00,1440
1441,-1,2008-09-10 14:15:00,1441
1442,-1,2008-09-10 15:04:00,1442
1443,1,2008-09-10 15:55:00,1443
1444,-1,2008-09-10 15:56:00,1444
1445,-1,2008-10-10 10:05:00,1445
1446,-1,2008-10-10 10:46:00,1446
1447,-1,2008-10-10 10:53:00,1447
1448,-1,2008-10-10 12:30:00,1448
1449,-1,2008-10-10 15:33:00,1449
1450,-1,2008-10-10 15:50:00,1450
1451,-1,2008-10-10 20:02:00,1451
1452,-1,2008-10-10 21:03:00,1452
1453,-1,2008-10-10 21:07:00,1453
1454,-1,2008-10-10 21:16:00,1454
1455,-1,2008-11-10 02:55:00,1455
1456,-1,2008-11-10 06:56:00,1456
1457,-1,2008-11-10 07:38:00,1457
1458,-1,2008-11-10 07:39:00,1458
1459,-1,2008-11-10 07:42:00,1459
1460,-1,2008-11-10 08:27:00,1460
1461,-1,2008-11-10 14:43:00,1461
1462,-1,2008-11-10 15:33:00,1462
1463,-1,2008-11-10 16:25:00,1463
1464,-1,2008-11-10 23:16:00,1464
1465,-1,2008-11-10 23:58:00,1465
1466,-1,2008-12-10 00:57:00,1466
1467,-1,2008-12-10 01:50:00,1467
1468,-1,2008-12-10 02:59:00,1468
1469,-1,2008-12-10 03:21:00,1469
1470,-1,2008-12-10 03:28:00,1470
1471,-1,2008-12-10 08:19:00,1471
1472,-1,2008-12-10 18:47:00,1472
1473,-1,2008-10-13 03:34:00,1473
1474,-1,2008-10-13 03:53:00,1474
1475,-1,2008-10-13 11:27:00,1475
1476,-1,2008-10-13 12:18:00,1476
1477,-1,2008-10-13 14:06:00,1477
1478,-1,2008-10-13 14:29:00,1478
1479,-1,2008-10-13 14:30:00,1479
1480,-1,2008-10-13 14:55:00,1480
1481,-1,2008-10-13 15:42:00,1481
1482,-1,2008-10-13 15:42:00,1482
1483,-1,2008-10-13 16:13:00,1483
1484,-1,2008-10-13 19:17:00,1484
1485,-1,2008-10-13 19:36:00,1485
1486,-1,2008-10-13 19:40:00,1486
1487,-1,2008-10-13 20:10:00,1487
1488,-1,2008-10-13 20:30:00,1488
1489,-1,2008-10-13 20:53:00,1489
1490,-1,2008-10-13 21:20:00,1490
1491,-1,2008-10-13 21:47:00,1491
1492,-1,2008-10-13 21:57:00,1492
1493,-1,2008-10-13 22:48:00,1493
1494,-1,2008-10-13 22:54:00,1494
1495,-1,2008-10-14 00:35:00,1495
1496,-1,2008-10-14 03:21:00,1496
1497,-1,2008-10-14 03:28:00,1497
1498,-1,2008-10-14 03:35:00,1498
1499,-1,2008-10-14 13:13:00,1499
1500,-1,2008-10-14 13:16:00,1500
1501,-1,2008-10-14 14:07:00,1501
1502,-1,2008-10-14 14:15:00,1502
1503,-1,2008-10-14 14:43:00,1503
1504,-1,2008-10-14 17:36:00,1504
1505,-1,2008-10-14 19:15:00,1505
1506,-1,2008-10-14 20:01:00,1506
1507,-1,2008-10-14 20:30:00,1507
1508,-1,2008-10-14 20:48:00,1508
1509,-1,2008-10-14 21:36:00,1509
1510,-1,2008-10-14 23:07:00,1510
1511,-1,2008-10-15 00:03:00,1511
1512,-1,2008-10-15 00:27:00,1512
1513,-1,2008-10-15 00:47:00,1513
1514,-1,2008-10-15 01:52:00,1514
1515,-1,2008-10-15 01:52:00,1515
1516,-1,2008-10-15 01:52:00,1516
1517,-1,2008-10-15 02:40:00,1517
1518,-1,2008-10-15 02:40:00,1518
1519,1,2008-10-15 02:42:00,1519
1520,-1,2008-10-15 03:24:00,1520
1521,-1,2008-10-15 04:08:00,1521
1522,-1,2008-10-15 05:13:00,1522
1523,-1,2008-10-15 05:16:00,1523
1524,-1,2008-10-15 06:49:00,1524
1525,-1,2008-10-15 07:36:00,1525
1526,-1,2008-10-15 07:55:00,1526
1527,-1,2008-10-15 08:21:00,1527
1528,-1,2008-10-15 09:11:00,1528
1529,-1,2008-10-15 10:00:00,1529
1530,-1,2008-10-15 12:53:00,1530
1531,-1,2008-10-15 13:14:00,1531
1532,-1,2008-10-15 13:16:00,1532
1533,-1,2008-10-15 14:08:00,1533
1534,-1,2008-10-15 15:11:00,1534
1535,-1,2008-10-15 16:24:00,1535
1536,-1,2008-10-15 17:19:00,1536
1537,-1,2008-10-15 18:16:00,1537
1538,-1,2008-10-15 19:15:00,1538
1539,-1,2008-10-15 19:24:00,1539
1540,-1,2008-10-15 21:44:00,1540
1541,-1,2008-10-15 22:45:00,1541
1542,-1,2008-10-15 22:54:00,1542
1543,-1,2008-10-15 23:00:00,1543
1544,-1,2008-10-15 23:45:00,1544
1545,-1,2008-10-16 02:16:00,1545
1546,-1,2008-10-16 02:16:00,1546
1547,-1,2008-10-16 02:17:00,1547
1548,-1,2008-10-16 02:22:00,1548
1549,-1,2008-10-16 02:55:00,1549
1550,-1,2008-10-16 03:56:00,1550
1551,-1,2008-10-16 04:02:00,1551
1552,-1,2008-10-16 04:02:00,1552
1553,-1,2008-10-16 04:04:00,1553
1554,-1,2008-10-16 04:47:00,1554
1555,-1,2008-10-16 04:50:00,1555
1556,-1,2008-10-16 04:54:00,1556
1557,-1,2008-10-16 05:08:00,1557
1558,-1,2008-10-16 05:13:00,1558
1559,-1,2008-10-16 05:44:00,1559
1560,-1,2008-10-16 05:58:00,1560
1561,-1,2008-10-16 15:02:00,1561
1562,-1,2008-10-16 15:13:00,1562
1563,-1,2008-10-16 20:49:00,1563
1564,-1,2008-10-17 05:26:00,1564
1565,-1,2008-10-17 06:01:00,1565
1566,-1,2008-10-17 06:07:00,1566
