-1,19/07/2008 11:55:00
-1,19/07/2008 12:32:00
1,19/07/2008 13:17:00
-1,19/07/2008 14:43:00
-1,19/07/2008 15:22:00
-1,19/07/2008 17:53:00
-1,19/07/2008 19:44:00
-1,19/07/2008 19:45:00
-1,19/07/2008 20:24:00
-1,19/07/2008 21:35:00
1,19/07/2008 21:57:00
1,19/07/2008 22:52:00
-1,20/07/2008 03:35:00
-1,21/07/2008 08:21:00
1,21/07/2008 11:53:00
-1,22/07/2008 00:03:00
-1,22/07/2008 02:59:00
-1,22/07/2008 08:41:00
-1,22/07/2008 11:47:00
-1,22/07/2008 14:00:00
-1,22/07/2008 15:30:00
-1,23/07/2008 05:15:00
-1,23/07/2008 19:22:00
1,25/07/2008 15:23:00
-1,27/07/2008 04:18:00
-1,27/07/2008 09:37:00
-1,27/07/2008 11:10:00
-1,27/07/2008 15:46:00
-1,27/07/2008 16:06:00
-1,27/07/2008 16:49:00
-1,27/07/2008 20:24:00
-1,27/07/2008 22:28:00
-1,27/07/2008 22:28:00
-1,27/07/2008 23:14:00
-1,28/07/2008 03:31:00
-1,28/07/2008 03:48:00
-1,28/07/2008 04:37:00
-1,28/07/2008 05:36:00
1,28/07/2008 06:45:00
-1,28/07/2008 08:36:00
1,28/07/2008 15:11:00
-1,28/07/2008 23:57:00
-1,29/07/2008 04:08:00
-1,29/07/2008 05:16:00
-1,29/07/2008 06:19:00
1,29/07/2008 08:23:00
-1,29/07/2008 11:47:00
-1,29/07/2008 15:41:00
1,29/07/2008 15:49:00
1,29/07/2008 17:05:00
1,29/07/2008 18:08:00
-1,29/07/2008 21:07:00
-1,29/07/2008 23:14:00
-1,29/07/2008 23:19:00
-1,30/07/2008 06:30:00
-1,30/07/2008 07:08:00
-1,30/07/2008 12:02:00
1,30/07/2008 12:29:00
1,30/07/2008 21:16:00
-1,31/07/2008 13:57:00
-1,31/07/2008 15:36:00
-1,31/07/2008 17:07:00
1,31/07/2008 20:18:00
-1,1/8/08 2:02
1,1/8/08 5:52
-1,1/8/08 10:20
-1,1/8/08 10:26
-1,1/8/08 11:28
-1,1/8/08 12:29
-1,1/8/08 14:07
-1,1/8/08 15:10
-1,2/8/08 3:39
-1,3/8/08 13:09
-1,3/8/08 14:06
-1,3/8/08 14:25
-1,3/8/08 15:03
-1,3/8/08 15:27
-1,3/8/08 16:00
-1,3/8/08 17:00
-1,3/8/08 17:58
-1,3/8/08 20:23
-1,3/8/08 22:52
1,4/8/08 0:39
-1,4/8/08 3:45
-1,4/8/08 3:49
-1,4/8/08 13:19
-1,4/8/08 14:04
-1,4/8/08 14:31
-1,4/8/08 15:29
-1,4/8/08 16:15
-1,4/8/08 16:31
-1,4/8/08 17:11
-1,4/8/08 17:46
-1,4/8/08 18:24
-1,4/8/08 19:58
-1,4/8/08 20:32
1,4/8/08 20:58
-1,4/8/08 21:43
-1,4/8/08 22:51
-1,4/8/08 23:33
-1,5/8/08 0:04
-1,5/8/08 1:12
-1,5/8/08 2:15
-1,5/8/08 2:36
-1,5/8/08 2:45
-1,5/8/08 3:17
-1,5/8/08 3:36
-1,5/8/08 3:54
-1,5/8/08 4:32
-1,5/8/08 4:35
-1,5/8/08 5:11
-1,5/8/08 6:10
-1,5/8/08 6:11
-1,5/8/08 6:21
-1,5/8/08 7:12
1,5/8/08 7:12
-1,5/8/08 7:48
-1,5/8/08 8:50
-1,5/8/08 9:48
-1,5/8/08 14:17
-1,5/8/08 14:45
-1,5/8/08 15:45
-1,5/8/08 20:04
-1,5/8/08 21:07
-1,5/8/08 21:22
-1,5/8/08 23:02
-1,5/8/08 23:06
-1,5/8/08 23:38
-1,6/8/08 0:04
-1,6/8/08 2:20
-1,6/8/08 3:22
1,6/8/08 5:40
-1,6/8/08 9:56
-1,6/8/08 9:57
-1,6/8/08 12:33
-1,6/8/08 13:35
-1,6/8/08 17:35
-1,6/8/08 18:00
-1,6/8/08 18:34
-1,6/8/08 19:13
-1,6/8/08 19:24
-1,6/8/08 20:00
-1,6/8/08 20:17
-1,6/8/08 21:15
-1,6/8/08 22:27
-1,6/8/08 23:40
-1,6/8/08 23:45
-1,7/8/08 0:51
-1,7/8/08 7:30
-1,7/8/08 8:21
-1,7/8/08 8:45
-1,7/8/08 8:55
-1,7/8/08 10:12
-1,7/8/08 11:10
1,7/8/08 11:40
-1,8/8/08 4:55
-1,8/8/08 7:26
1,8/8/08 8:44
1,8/8/08 12:37
-1,8/8/08 20:21
-1,8/8/08 21:22
-1,8/8/08 21:53
-1,8/8/08 22:06
-1,8/8/08 22:25
-1,9/8/08 2:15
-1,9/8/08 2:37
-1,9/8/08 6:05
1,9/8/08 9:16
-1,9/8/08 9:22
1,9/8/08 11:42
-1,9/8/08 17:34
-1,9/8/08 19:03
-1,9/8/08 20:04
-1,9/8/08 21:07
-1,9/8/08 22:15
-1,9/8/08 22:37
-1,9/8/08 23:17
-1,9/8/08 23:34
-1,10/8/08 0:09
-1,10/8/08 0:46
1,10/8/08 6:00
-1,10/8/08 6:41
1,10/8/08 7:01
-1,10/8/08 11:16
-1,10/8/08 11:49
-1,10/8/08 12:22
1,10/8/08 15:59
-1,10/8/08 19:07
1,10/8/08 20:07
1,10/8/08 22:26
-1,11/8/08 3:06
-1,11/8/08 4:09
-1,11/8/08 5:15
-1,11/8/08 11:35
-1,11/8/08 12:38
-1,12/8/08 4:23
-1,12/8/08 6:16
-1,12/8/08 10:54
-1,12/8/08 11:29
-1,12/8/08 12:04
-1,13/08/2008 02:48:00
-1,15/08/2008 03:26:00
-1,15/08/2008 04:14:00
-1,15/08/2008 05:13:00
-1,15/08/2008 09:38:00
-1,15/08/2008 10:14:00
-1,15/08/2008 11:42:00
-1,15/08/2008 18:19:00
-1,15/08/2008 19:19:00
-1,15/08/2008 20:00:00
-1,15/08/2008 20:03:00
-1,15/08/2008 23:31:00
-1,16/08/2008 02:21:00
-1,16/08/2008 05:47:00
-1,16/08/2008 06:52:00
-1,16/08/2008 07:33:00
-1,16/08/2008 08:39:00
-1,16/08/2008 08:41:00
1,16/08/2008 09:44:00
-1,16/08/2008 13:51:00
-1,16/08/2008 14:30:00
-1,16/08/2008 15:16:00
1,16/08/2008 15:19:00
-1,16/08/2008 23:48:00
-1,17/08/2008 00:52:00
-1,17/08/2008 01:53:00
-1,17/08/2008 03:17:00
-1,17/08/2008 03:18:00
-1,17/08/2008 03:46:00
-1,17/08/2008 04:19:00
-1,17/08/2008 05:21:00
1,17/08/2008 12:16:00
-1,17/08/2008 13:34:00
-1,17/08/2008 14:21:00
-1,17/08/2008 15:25:00
1,17/08/2008 21:26:00
1,17/08/2008 22:03:00
-1,17/08/2008 22:21:00
1,17/08/2008 23:04:00
-1,17/08/2008 23:20:00
1,17/08/2008 23:55:00
1,18/08/2008 00:02:00
-1,18/08/2008 00:20:00
1,18/08/2008 01:23:00
1,18/08/2008 04:01:00
-1,18/08/2008 04:12:00
-1,18/08/2008 04:35:00
-1,18/08/2008 05:03:00
-1,18/08/2008 05:25:00
-1,18/08/2008 06:07:00
-1,18/08/2008 06:11:00
-1,18/08/2008 06:26:00
-1,18/08/2008 07:11:00
-1,18/08/2008 07:23:00
-1,18/08/2008 07:29:00
-1,18/08/2008 08:18:00
-1,18/08/2008 08:31:00
-1,18/08/2008 10:13:00
-1,18/08/2008 11:04:00
-1,18/08/2008 12:00:00
-1,18/08/2008 12:06:00
-1,18/08/2008 12:22:00
-1,18/08/2008 12:49:00
-1,18/08/2008 13:07:00
-1,18/08/2008 14:01:00
-1,18/08/2008 14:04:00
-1,18/08/2008 14:45:00
-1,18/08/2008 15:00:00
-1,18/08/2008 15:26:00
-1,18/08/2008 15:30:00
-1,18/08/2008 15:33:00
-1,18/08/2008 15:41:00
-1,18/08/2008 16:19:00
1,18/08/2008 17:13:00
-1,18/08/2008 17:16:00
-1,18/08/2008 17:37:00
-1,18/08/2008 19:24:00
1,18/08/2008 19:54:00
-1,18/08/2008 23:00:00
-1,18/08/2008 23:03:00
-1,18/08/2008 23:47:00
-1,19/08/2008 01:10:00
1,19/08/2008 03:59:00
-1,19/08/2008 04:58:00
-1,19/08/2008 05:09:00
-1,19/08/2008 05:11:00
-1,19/08/2008 05:11:00
-1,19/08/2008 05:40:00
-1,19/08/2008 05:41:00
-1,19/08/2008 05:53:00
-1,19/08/2008 05:54:00
1,19/08/2008 05:56:00
-1,19/08/2008 06:24:00
-1,19/08/2008 07:43:00
1,19/08/2008 07:58:00
-1,19/08/2008 08:01:00
-1,19/08/2008 08:07:00
-1,19/08/2008 08:33:00
-1,19/08/2008 09:04:00
-1,19/08/2008 09:05:00
-1,19/08/2008 10:46:00
-1,19/08/2008 11:11:00
-1,19/08/2008 11:13:00
-1,19/08/2008 11:13:00
-1,19/08/2008 11:28:00
-1,19/08/2008 11:44:00
-1,19/08/2008 11:46:00
-1,19/08/2008 11:57:00
-1,19/08/2008 11:58:00
-1,19/08/2008 12:30:00
-1,19/08/2008 15:33:00
-1,19/08/2008 18:12:00
-1,19/08/2008 18:12:00
-1,19/08/2008 18:30:00
-1,19/08/2008 18:30:00
-1,19/08/2008 19:38:00
-1,19/08/2008 20:53:00
-1,20/08/2008 00:05:00
-1,20/08/2008 01:33:00
-1,20/08/2008 01:42:00
-1,20/08/2008 02:13:00
1,20/08/2008 02:27:00
-1,20/08/2008 03:00:00
1,20/08/2008 03:12:00
-1,20/08/2008 06:36:00
-1,20/08/2008 07:12:00
1,20/08/2008 08:40:00
1,20/08/2008 09:17:00
-1,20/08/2008 10:26:00
-1,20/08/2008 16:08:00
-1,20/08/2008 16:16:00
-1,20/08/2008 17:09:00
-1,20/08/2008 17:35:00
-1,20/08/2008 17:36:00
-1,20/08/2008 18:29:00
-1,20/08/2008 18:35:00
1,20/08/2008 19:20:00
-1,20/08/2008 20:19:00
-1,20/08/2008 21:33:00
-1,20/08/2008 21:41:00
-1,20/08/2008 21:58:00
-1,20/08/2008 22:13:00
-1,20/08/2008 22:45:00
-1,20/08/2008 23:18:00
1,20/08/2008 23:43:00
-1,21/08/2008 02:11:00
-1,21/08/2008 02:46:00
-1,21/08/2008 04:22:00
-1,21/08/2008 04:29:00
-1,21/08/2008 05:06:00
-1,21/08/2008 05:15:00
1,21/08/2008 06:10:00
-1,21/08/2008 11:22:00
-1,21/08/2008 12:00:00
-1,21/08/2008 12:31:00
-1,21/08/2008 12:33:00
-1,21/08/2008 12:43:00
-1,21/08/2008 12:52:00
-1,21/08/2008 13:11:00
-1,21/08/2008 13:19:00
-1,21/08/2008 13:29:00
-1,21/08/2008 13:45:00
-1,21/08/2008 14:47:00
-1,21/08/2008 15:05:00
-1,21/08/2008 15:06:00
-1,21/08/2008 15:32:00
-1,21/08/2008 15:48:00
-1,21/08/2008 15:50:00
1,21/08/2008 16:19:00
-1,21/08/2008 16:36:00
-1,21/08/2008 17:25:00
-1,21/08/2008 17:44:00
-1,21/08/2008 18:04:00
1,21/08/2008 18:05:00
-1,21/08/2008 18:39:00
-1,21/08/2008 18:53:00
-1,21/08/2008 19:12:00
-1,21/08/2008 19:12:00
-1,21/08/2008 19:46:00
-1,21/08/2008 20:19:00
-1,21/08/2008 20:21:00
-1,21/08/2008 20:37:00
-1,21/08/2008 21:32:00
-1,21/08/2008 22:25:00
-1,21/08/2008 22:41:00
-1,21/08/2008 23:08:00
-1,21/08/2008 23:27:00
-1,21/08/2008 23:53:00
-1,21/08/2008 23:57:00
-1,22/08/2008 00:43:00
-1,22/08/2008 00:44:00
-1,22/08/2008 00:47:00
1,22/08/2008 01:04:00
-1,22/08/2008 01:26:00
-1,22/08/2008 01:27:00
-1,22/08/2008 01:54:00
-1,22/08/2008 02:01:00
-1,22/08/2008 02:25:00
-1,22/08/2008 02:52:00
-1,22/08/2008 03:18:00
-1,22/08/2008 03:58:00
-1,22/08/2008 04:40:00
-1,22/08/2008 04:57:00
-1,22/08/2008 05:21:00
-1,22/08/2008 05:31:00
-1,22/08/2008 05:32:00
1,22/08/2008 06:00:00
-1,22/08/2008 07:04:00
-1,22/08/2008 07:17:00
-1,22/08/2008 07:27:00
-1,22/08/2008 09:29:00
-1,22/08/2008 09:29:00
-1,22/08/2008 10:01:00
-1,22/08/2008 10:18:00
-1,22/08/2008 10:47:00
-1,22/08/2008 11:32:00
-1,22/08/2008 12:13:00
-1,22/08/2008 12:37:00
-1,22/08/2008 12:42:00
-1,22/08/2008 13:22:00
-1,22/08/2008 14:45:00
-1,22/08/2008 15:25:00
-1,22/08/2008 15:39:00
-1,22/08/2008 15:54:00
1,22/08/2008 19:14:00
-1,22/08/2008 23:46:00
-1,22/08/2008 23:47:00
-1,22/08/2008 23:49:00
-1,22/08/2008 23:56:00
-1,23/08/2008 02:04:00
-1,23/08/2008 03:26:00
-1,23/08/2008 04:50:00
-1,23/08/2008 04:52:00
-1,23/08/2008 05:57:00
-1,23/08/2008 05:57:00
-1,23/08/2008 05:58:00
-1,23/08/2008 05:58:00
-1,23/08/2008 09:24:00
-1,23/08/2008 12:58:00
-1,23/08/2008 13:02:00
-1,23/08/2008 15:10:00
1,23/08/2008 15:29:00
-1,24/08/2008 02:32:00
-1,24/08/2008 04:00:00
-1,24/08/2008 07:12:00
-1,24/08/2008 07:14:00
-1,24/08/2008 10:09:00
-1,24/08/2008 10:14:00
1,24/08/2008 13:03:00
-1,25/08/2008 09:29:00
-1,27/08/2008 00:46:00
-1,27/08/2008 11:38:00
-1,27/08/2008 12:22:00
-1,27/08/2008 13:35:00
-1,27/08/2008 14:18:00
-1,27/08/2008 17:14:00
-1,27/08/2008 22:48:00
-1,27/08/2008 22:58:00
-1,28/08/2008 03:03:00
-1,28/08/2008 03:04:00
-1,28/08/2008 03:29:00
-1,28/08/2008 03:38:00
-1,28/08/2008 03:45:00
-1,28/08/2008 04:10:00
-1,28/08/2008 04:20:00
-1,28/08/2008 04:54:00
-1,28/08/2008 05:00:00
-1,28/08/2008 06:15:00
-1,28/08/2008 06:39:00
-1,28/08/2008 06:56:00
-1,28/08/2008 07:40:00
-1,28/08/2008 07:51:00
-1,28/08/2008 08:41:00
-1,28/08/2008 09:46:00
-1,28/08/2008 09:49:00
-1,28/08/2008 10:15:00
-1,28/08/2008 10:28:00
-1,28/08/2008 10:32:00
-1,28/08/2008 11:19:00
-1,28/08/2008 12:44:00
-1,28/08/2008 14:48:00
-1,28/08/2008 15:19:00
-1,28/08/2008 16:01:00
-1,28/08/2008 16:43:00
-1,28/08/2008 16:52:00
-1,28/08/2008 17:21:00
-1,28/08/2008 17:27:00
-1,28/08/2008 17:32:00
-1,28/08/2008 18:05:00
-1,28/08/2008 18:10:00
-1,28/08/2008 18:15:00
-1,28/08/2008 18:25:00
-1,28/08/2008 18:47:00
-1,28/08/2008 18:57:00
-1,28/08/2008 20:20:00
1,28/08/2008 20:39:00
-1,28/08/2008 21:03:00
-1,28/08/2008 21:52:00
-1,28/08/2008 22:57:00
-1,28/08/2008 23:40:00
-1,28/08/2008 23:42:00
-1,29/08/2008 00:49:00
-1,29/08/2008 01:06:00
-1,29/08/2008 02:38:00
-1,29/08/2008 02:39:00
-1,29/08/2008 03:27:00
-1,29/08/2008 03:33:00
-1,29/08/2008 03:46:00
1,29/08/2008 04:55:00
-1,29/08/2008 04:56:00
-1,29/08/2008 05:16:00
-1,29/08/2008 05:54:00
-1,29/08/2008 05:54:00
-1,29/08/2008 05:57:00
-1,29/08/2008 05:57:00
-1,29/08/2008 06:35:00
-1,29/08/2008 06:37:00
-1,29/08/2008 06:40:00
1,29/08/2008 06:45:00
-1,29/08/2008 06:54:00
-1,29/08/2008 07:18:00
-1,29/08/2008 07:22:00
-1,29/08/2008 07:24:00
-1,29/08/2008 07:33:00
-1,29/08/2008 07:33:00
-1,29/08/2008 08:10:00
-1,29/08/2008 08:20:00
-1,29/08/2008 08:41:00
-1,29/08/2008 08:45:00
-1,29/08/2008 12:21:00
-1,29/08/2008 12:22:00
-1,29/08/2008 12:37:00
-1,29/08/2008 13:04:00
-1,29/08/2008 13:14:00
-1,29/08/2008 13:27:00
-1,29/08/2008 13:49:00
-1,29/08/2008 14:11:00
-1,29/08/2008 14:18:00
-1,29/08/2008 14:30:00
-1,29/08/2008 15:01:00
-1,29/08/2008 15:43:00
-1,29/08/2008 16:26:00
-1,29/08/2008 20:21:00
-1,29/08/2008 20:49:00
-1,29/08/2008 21:25:00
-1,29/08/2008 21:46:00
-1,29/08/2008 21:54:00
-1,29/08/2008 22:11:00
-1,29/08/2008 22:45:00
-1,29/08/2008 22:49:00
-1,29/08/2008 22:56:00
-1,30/08/2008 00:01:00
-1,30/08/2008 00:05:00
-1,30/08/2008 00:57:00
-1,30/08/2008 01:29:00
-1,30/08/2008 02:08:00
-1,30/08/2008 02:22:00
-1,30/08/2008 02:32:00
-1,30/08/2008 02:39:00
-1,30/08/2008 02:50:00
-1,30/08/2008 03:10:00
-1,30/08/2008 04:20:00
-1,30/08/2008 04:24:00
-1,30/08/2008 04:55:00
-1,30/08/2008 05:05:00
-1,30/08/2008 05:05:00
-1,30/08/2008 05:38:00
-1,30/08/2008 05:51:00
-1,30/08/2008 07:50:00
-1,30/08/2008 07:54:00
-1,30/08/2008 08:10:00
-1,30/08/2008 08:29:00
-1,30/08/2008 08:42:00
-1,30/08/2008 08:53:00
-1,30/08/2008 09:13:00
-1,30/08/2008 09:37:00
1,30/08/2008 09:45:00
-1,30/08/2008 10:15:00
-1,30/08/2008 10:16:00
-1,30/08/2008 11:12:00
-1,30/08/2008 11:14:00
-1,30/08/2008 11:18:00
-1,30/08/2008 11:57:00
1,30/08/2008 14:10:00
-1,30/08/2008 14:23:00
-1,30/08/2008 14:37:00
-1,30/08/2008 15:06:00
-1,30/08/2008 15:16:00
-1,30/08/2008 15:37:00
-1,30/08/2008 15:50:00
-1,30/08/2008 15:57:00
-1,30/08/2008 16:24:00
-1,30/08/2008 17:05:00
-1,30/08/2008 17:49:00
-1,30/08/2008 19:21:00
-1,30/08/2008 19:27:00
-1,30/08/2008 20:11:00
-1,30/08/2008 20:53:00
-1,30/08/2008 21:53:00
-1,30/08/2008 23:51:00
-1,31/08/2008 02:57:00
1,31/08/2008 04:46:00
-1,31/08/2008 05:05:00
-1,31/08/2008 09:11:00
-1,31/08/2008 10:36:00
1,31/08/2008 10:59:00
-1,31/08/2008 10:59:00
-1,31/08/2008 11:03:00
-1,31/08/2008 15:09:00
-1,31/08/2008 15:13:00
-1,31/08/2008 16:32:00
-1,31/08/2008 20:24:00
-1,31/08/2008 21:04:00
-1,31/08/2008 21:46:00
-1,31/08/2008 21:58:00
-1,31/08/2008 22:32:00
-1,31/08/2008 22:48:00
-1,31/08/2008 22:57:00
-1,1/9/08 0:01
-1,1/9/08 0:39
-1,1/9/08 0:45
-1,1/9/08 0:53
-1,1/9/08 5:29
-1,1/9/08 5:32
-1,1/9/08 6:12
-1,1/9/08 6:21
-1,1/9/08 6:52
-1,1/9/08 8:18
-1,1/9/08 9:06
-1,1/9/08 9:19
-1,1/9/08 9:54
-1,1/9/08 10:57
-1,1/9/08 11:40
-1,1/9/08 16:20
1,1/9/08 19:54
-1,1/9/08 20:51
-1,1/9/08 22:05
-1,1/9/08 23:05
-1,1/9/08 23:19
-1,1/9/08 23:24
-1,1/9/08 23:28
-1,1/9/08 23:39
-1,1/9/08 23:45
-1,1/9/08 23:59
-1,2/9/08 0:26
-1,2/9/08 0:31
-1,2/9/08 0:46
-1,2/9/08 1:09
-1,2/9/08 1:10
-1,2/9/08 1:10
-1,2/9/08 1:36
-1,2/9/08 1:50
-1,2/9/08 2:02
-1,2/9/08 2:11
-1,2/9/08 2:50
-1,2/9/08 2:52
-1,2/9/08 3:33
-1,2/9/08 3:35
-1,2/9/08 3:35
-1,2/9/08 4:19
-1,2/9/08 4:22
-1,2/9/08 5:46
-1,2/9/08 6:03
-1,2/9/08 6:19
-1,2/9/08 6:32
-1,2/9/08 6:48
-1,2/9/08 7:22
-1,2/9/08 7:32
-1,2/9/08 8:15
-1,2/9/08 8:54
-1,2/9/08 9:36
-1,2/9/08 9:37
-1,2/9/08 10:13
-1,2/9/08 10:21
-1,2/9/08 10:25
-1,2/9/08 10:33
-1,2/9/08 11:08
-1,2/9/08 11:22
-1,2/9/08 11:47
-1,2/9/08 11:49
-1,2/9/08 12:01
-1,2/9/08 12:17
-1,2/9/08 12:26
-1,2/9/08 12:30
-1,2/9/08 12:44
-1,2/9/08 13:05
-1,2/9/08 13:08
-1,2/9/08 13:27
-1,2/9/08 13:40
-1,2/9/08 14:09
-1,2/9/08 14:21
-1,2/9/08 14:34
-1,2/9/08 15:29
-1,2/9/08 16:10
-1,2/9/08 16:50
-1,2/9/08 16:54
-1,2/9/08 16:58
-1,2/9/08 17:10
-1,2/9/08 17:18
-1,2/9/08 18:38
-1,2/9/08 18:52
-1,2/9/08 19:18
-1,2/9/08 20:18
-1,2/9/08 20:52
-1,2/9/08 20:58
-1,2/9/08 20:59
-1,3/9/08 0:18
-1,3/9/08 0:45
-1,3/9/08 0:58
1,3/9/08 1:15
-1,3/9/08 1:32
-1,3/9/08 4:18
-1,3/9/08 6:26
-1,3/9/08 9:38
-1,3/9/08 14:24
-1,3/9/08 14:29
-1,3/9/08 17:22
-1,3/9/08 18:16
-1,3/9/08 18:16
-1,3/9/08 20:00
-1,3/9/08 20:10
-1,4/9/08 8:01
-1,4/9/08 8:22
-1,4/9/08 8:33
-1,4/9/08 8:41
-1,4/9/08 8:53
-1,4/9/08 11:50
-1,4/9/08 14:09
-1,4/9/08 14:11
-1,4/9/08 14:48
-1,4/9/08 16:30
-1,4/9/08 16:41
-1,4/9/08 16:56
-1,4/9/08 17:30
-1,5/9/08 15:30
-1,5/9/08 21:48
-1,7/9/08 0:08
-1,7/9/08 0:12
-1,7/9/08 0:49
-1,7/9/08 10:52
-1,7/9/08 12:04
-1,7/9/08 12:20
-1,7/9/08 13:02
-1,7/9/08 18:02
-1,7/9/08 18:24
-1,7/9/08 18:49
-1,7/9/08 19:29
-1,7/9/08 19:31
-1,7/9/08 20:12
-1,7/9/08 20:50
-1,7/9/08 23:33
-1,8/9/08 0:32
-1,8/9/08 0:40
-1,8/9/08 1:24
-1,8/9/08 3:32
-1,8/9/08 3:48
-1,8/9/08 4:21
-1,8/9/08 6:37
-1,8/9/08 7:14
-1,8/9/08 7:41
-1,8/9/08 18:46
-1,8/9/08 19:14
-1,8/9/08 19:15
-1,8/9/08 19:25
-1,8/9/08 19:33
-1,8/9/08 20:00
-1,8/9/08 21:36
-1,8/9/08 21:53
-1,8/9/08 22:17
-1,9/9/08 0:25
-1,9/9/08 3:53
-1,9/9/08 8:44
-1,10/9/08 7:26
-1,10/9/08 9:21
-1,10/9/08 20:52
-1,10/9/08 20:53
-1,10/9/08 21:56
-1,10/9/08 23:30
-1,10/9/08 23:43
-1,11/9/08 0:17
-1,11/9/08 5:20
-1,11/9/08 6:04
-1,11/9/08 7:43
-1,11/9/08 8:06
-1,11/9/08 8:58
-1,11/9/08 9:24
-1,11/9/08 12:47
-1,11/9/08 13:36
-1,11/9/08 14:20
-1,11/9/08 14:24
-1,11/9/08 14:31
-1,11/9/08 15:05
-1,11/9/08 15:08
-1,11/9/08 16:28
-1,11/9/08 21:13
1,11/9/08 22:07
-1,11/9/08 23:10
1,11/9/08 23:48
-1,12/9/08 5:11
-1,12/9/08 5:55
-1,12/9/08 6:38
-1,12/9/08 6:41
-1,12/9/08 6:45
-1,12/9/08 7:21
-1,12/9/08 7:29
-1,12/9/08 7:38
-1,12/9/08 11:57
-1,12/9/08 13:08
-1,12/9/08 14:52
-1,12/9/08 15:40
-1,12/9/08 16:23
-1,12/9/08 18:01
-1,12/9/08 18:52
-1,12/9/08 19:36
-1,12/9/08 20:28
-1,12/9/08 21:12
-1,12/9/08 22:25
-1,12/9/08 22:45
-1,12/9/08 23:28
-1,12/9/08 23:40
-1,13/09/2008 00:25:00
-1,13/09/2008 02:57:00
-1,13/09/2008 03:14:00
-1,13/09/2008 09:19:00
-1,13/09/2008 10:55:00
-1,13/09/2008 11:42:00
1,13/09/2008 11:56:00
-1,13/09/2008 12:48:00
-1,13/09/2008 14:07:00
-1,13/09/2008 16:04:00
-1,13/09/2008 16:04:00
1,13/09/2008 20:06:00
-1,14/09/2008 02:50:00
-1,14/09/2008 02:59:00
-1,14/09/2008 15:02:00
-1,14/09/2008 15:46:00
-1,14/09/2008 16:34:00
-1,14/09/2008 17:40:00
-1,14/09/2008 18:27:00
-1,14/09/2008 18:27:00
-1,14/09/2008 19:13:00
-1,14/09/2008 20:00:00
-1,14/09/2008 20:43:00
-1,14/09/2008 20:45:00
-1,14/09/2008 21:31:00
-1,14/09/2008 23:00:00
-1,15/09/2008 02:04:00
-1,15/09/2008 10:03:00
-1,15/09/2008 11:40:00
-1,15/09/2008 12:27:00
-1,15/09/2008 16:10:00
-1,15/09/2008 16:59:00
-1,15/09/2008 19:54:00
-1,15/09/2008 21:56:00
-1,15/09/2008 22:13:00
-1,15/09/2008 22:45:00
-1,15/09/2008 22:54:00
-1,15/09/2008 23:37:00
-1,16/09/2008 07:39:00
-1,16/09/2008 07:48:00
-1,16/09/2008 08:50:00
-1,16/09/2008 08:52:00
-1,16/09/2008 09:37:00
-1,16/09/2008 17:07:00
-1,16/09/2008 18:09:00
-1,16/09/2008 18:23:00
-1,16/09/2008 19:34:00
-1,16/09/2008 19:45:00
-1,16/09/2008 21:21:00
-1,16/09/2008 22:45:00
-1,17/09/2008 02:01:00
1,17/09/2008 04:23:00
-1,17/09/2008 07:14:00
-1,17/09/2008 07:28:00
-1,17/09/2008 21:52:00
-1,18/09/2008 00:57:00
-1,18/09/2008 01:40:00
-1,18/09/2008 01:43:00
-1,18/09/2008 02:01:00
-1,18/09/2008 03:58:00
-1,18/09/2008 03:58:00
-1,18/09/2008 05:44:00
-1,18/09/2008 05:58:00
-1,18/09/2008 08:04:00
-1,18/09/2008 10:48:00
-1,18/09/2008 13:48:00
-1,18/09/2008 17:22:00
-1,18/09/2008 18:12:00
-1,18/09/2008 18:56:00
-1,18/09/2008 21:12:00
-1,18/09/2008 21:56:00
-1,18/09/2008 23:00:00
-1,18/09/2008 23:05:00
-1,18/09/2008 23:44:00
-1,19/09/2008 00:30:00
-1,19/09/2008 01:57:00
-1,19/09/2008 02:44:00
-1,19/09/2008 04:42:00
-1,19/09/2008 05:33:00
-1,19/09/2008 05:57:00
-1,19/09/2008 06:01:00
-1,19/09/2008 06:44:00
-1,19/09/2008 07:14:00
-1,19/09/2008 07:18:00
-1,19/09/2008 08:08:00
-1,19/09/2008 08:52:00
-1,19/09/2008 09:12:00
-1,19/09/2008 09:47:00
-1,19/09/2008 10:45:00
-1,19/09/2008 11:13:00
-1,19/09/2008 11:54:00
-1,19/09/2008 13:59:00
-1,19/09/2008 15:31:00
-1,19/09/2008 16:40:00
1,19/09/2008 16:58:00
-1,19/09/2008 17:47:00
-1,19/09/2008 18:11:00
-1,19/09/2008 18:33:00
-1,19/09/2008 19:18:00
-1,19/09/2008 19:29:00
-1,19/09/2008 20:05:00
-1,19/09/2008 20:07:00
-1,19/09/2008 20:10:00
-1,19/09/2008 20:17:00
1,19/09/2008 20:19:00
-1,19/09/2008 21:08:00
1,19/09/2008 21:09:00
-1,19/09/2008 21:13:00
-1,19/09/2008 21:14:00
1,19/09/2008 21:59:00
-1,19/09/2008 23:26:00
-1,19/09/2008 23:33:00
-1,20/09/2008 00:18:00
-1,20/09/2008 00:33:00
-1,20/09/2008 03:58:00
-1,20/09/2008 04:13:00
-1,20/09/2008 04:28:00
-1,20/09/2008 05:22:00
-1,20/09/2008 05:25:00
-1,20/09/2008 05:34:00
-1,20/09/2008 06:08:00
-1,20/09/2008 07:21:00
-1,20/09/2008 08:14:00
-1,20/09/2008 10:51:00
-1,20/09/2008 11:18:00
-1,20/09/2008 12:20:00
-1,20/09/2008 12:26:00
-1,20/09/2008 12:27:00
-1,20/09/2008 12:36:00
-1,20/09/2008 12:57:00
-1,20/09/2008 14:00:00
-1,20/09/2008 14:06:00
-1,20/09/2008 14:42:00
-1,20/09/2008 14:50:00
-1,20/09/2008 14:53:00
-1,20/09/2008 15:02:00
-1,20/09/2008 15:19:00
-1,20/09/2008 15:37:00
-1,20/09/2008 15:46:00
-1,20/09/2008 16:43:00
-1,20/09/2008 16:44:00
-1,20/09/2008 17:26:00
-1,20/09/2008 17:29:00
-1,20/09/2008 18:03:00
-1,20/09/2008 18:21:00
-1,20/09/2008 18:56:00
-1,20/09/2008 19:14:00
-1,20/09/2008 19:21:00
-1,20/09/2008 23:34:00
-1,21/09/2008 00:48:00
-1,21/09/2008 01:06:00
-1,21/09/2008 02:07:00
-1,21/09/2008 03:04:00
-1,21/09/2008 03:47:00
-1,21/09/2008 04:17:00
-1,21/09/2008 04:49:00
-1,21/09/2008 07:30:00
-1,21/09/2008 07:55:00
-1,21/09/2008 08:22:00
-1,21/09/2008 08:49:00
-1,21/09/2008 09:16:00
-1,21/09/2008 09:31:00
-1,21/09/2008 10:07:00
-1,21/09/2008 10:49:00
-1,21/09/2008 11:33:00
-1,21/09/2008 12:04:00
-1,21/09/2008 14:30:00
-1,21/09/2008 14:31:00
-1,21/09/2008 14:33:00
-1,21/09/2008 15:15:00
-1,21/09/2008 15:26:00
-1,21/09/2008 15:34:00
-1,21/09/2008 16:43:00
-1,21/09/2008 17:26:00
-1,21/09/2008 17:30:00
-1,21/09/2008 18:12:00
-1,21/09/2008 19:19:00
-1,21/09/2008 20:35:00
-1,21/09/2008 21:54:00
-1,21/09/2008 22:02:00
-1,22/09/2008 00:12:00
-1,22/09/2008 00:28:00
-1,22/09/2008 00:47:00
-1,22/09/2008 01:43:00
-1,22/09/2008 03:51:00
-1,22/09/2008 06:05:00
-1,22/09/2008 07:12:00
-1,22/09/2008 10:43:00
-1,22/09/2008 11:50:00
-1,22/09/2008 12:11:00
-1,22/09/2008 12:45:00
-1,22/09/2008 13:03:00
-1,22/09/2008 14:24:00
-1,22/09/2008 14:27:00
-1,22/09/2008 14:36:00
-1,22/09/2008 16:25:00
-1,22/09/2008 21:30:00
-1,22/09/2008 21:31:00
-1,22/09/2008 22:15:00
-1,22/09/2008 22:17:00
-1,22/09/2008 23:01:00
-1,22/09/2008 23:10:00
-1,23/09/2008 00:57:00
-1,23/09/2008 06:44:00
-1,23/09/2008 06:44:00
-1,23/09/2008 06:52:00
-1,23/09/2008 07:58:00
-1,23/09/2008 08:11:00
-1,23/09/2008 09:43:00
1,23/09/2008 11:14:00
-1,23/09/2008 11:42:00
-1,23/09/2008 11:43:00
-1,23/09/2008 12:29:00
-1,23/09/2008 12:31:00
-1,23/09/2008 12:46:00
-1,23/09/2008 13:37:00
-1,23/09/2008 15:23:00
-1,23/09/2008 15:33:00
-1,23/09/2008 15:58:00
-1,23/09/2008 18:10:00
-1,23/09/2008 18:36:00
-1,23/09/2008 18:56:00
-1,23/09/2008 20:18:00
-1,23/09/2008 20:59:00
-1,23/09/2008 21:26:00
-1,23/09/2008 22:25:00
-1,24/09/2008 02:19:00
-1,24/09/2008 02:44:00
-1,24/09/2008 03:32:00
-1,24/09/2008 03:40:00
-1,24/09/2008 05:13:00
-1,24/09/2008 05:22:00
-1,24/09/2008 06:13:00
-1,24/09/2008 06:14:00
-1,24/09/2008 07:23:00
-1,24/09/2008 10:10:00
-1,24/09/2008 10:53:00
-1,24/09/2008 10:59:00
-1,24/09/2008 11:47:00
-1,24/09/2008 12:04:00
-1,24/09/2008 12:35:00
-1,24/09/2008 13:01:00
1,24/09/2008 15:05:00
-1,24/09/2008 15:39:00
-1,24/09/2008 15:42:00
-1,24/09/2008 15:43:00
-1,24/09/2008 16:26:00
-1,24/09/2008 17:54:00
-1,24/09/2008 18:05:00
-1,25/09/2008 01:05:00
-1,25/09/2008 02:03:00
-1,25/09/2008 06:21:00
-1,25/09/2008 07:12:00
-1,25/09/2008 07:58:00
-1,25/09/2008 08:45:00
-1,25/09/2008 09:31:00
-1,25/09/2008 10:23:00
-1,25/09/2008 11:08:00
-1,25/09/2008 11:09:00
-1,25/09/2008 11:55:00
-1,25/09/2008 13:42:00
-1,25/09/2008 14:08:00
-1,25/09/2008 14:28:00
-1,25/09/2008 15:12:00
-1,25/09/2008 15:40:00
-1,25/09/2008 15:55:00
-1,25/09/2008 16:44:00
-1,25/09/2008 17:28:00
-1,25/09/2008 17:29:00
-1,25/09/2008 19:49:00
-1,25/09/2008 22:05:00
-1,25/09/2008 23:04:00
-1,25/09/2008 23:48:00
-1,26/09/2008 00:19:00
-1,26/09/2008 01:21:00
-1,26/09/2008 02:26:00
-1,26/09/2008 03:12:00
-1,26/09/2008 03:29:00
-1,26/09/2008 04:14:00
-1,26/09/2008 05:32:00
-1,26/09/2008 11:08:00
-1,26/09/2008 13:36:00
-1,26/09/2008 13:45:00
-1,26/09/2008 14:20:00
-1,26/09/2008 14:51:00
-1,26/09/2008 15:06:00
-1,26/09/2008 15:36:00
-1,26/09/2008 15:49:00
-1,26/09/2008 16:31:00
-1,26/09/2008 17:59:00
-1,26/09/2008 18:54:00
-1,26/09/2008 19:38:00
-1,26/09/2008 19:45:00
-1,26/09/2008 19:55:00
-1,26/09/2008 20:23:00
-1,26/09/2008 20:31:00
-1,27/09/2008 00:16:00
-1,27/09/2008 00:17:00
-1,27/09/2008 01:29:00
-1,27/09/2008 03:53:00
-1,27/09/2008 10:10:00
-1,27/09/2008 10:13:00
-1,27/09/2008 11:04:00
-1,27/09/2008 11:45:00
-1,27/09/2008 11:54:00
-1,27/09/2008 12:26:00
-1,27/09/2008 12:28:00
-1,27/09/2008 12:36:00
-1,27/09/2008 13:14:00
-1,27/09/2008 13:19:00
-1,27/09/2008 14:01:00
-1,27/09/2008 14:05:00
-1,27/09/2008 14:46:00
-1,27/09/2008 15:09:00
-1,27/09/2008 15:30:00
-1,27/09/2008 16:13:00
-1,27/09/2008 17:26:00
-1,27/09/2008 18:14:00
-1,27/09/2008 19:16:00
-1,27/09/2008 20:46:00
-1,27/09/2008 21:45:00
-1,28/09/2008 00:51:00
-1,28/09/2008 01:22:00
-1,28/09/2008 03:55:00
1,28/09/2008 04:45:00
-1,28/09/2008 05:31:00
-1,28/09/2008 06:22:00
-1,28/09/2008 07:38:00
-1,28/09/2008 07:52:00
-1,28/09/2008 08:40:00
-1,28/09/2008 08:41:00
1,28/09/2008 09:50:00
-1,28/09/2008 17:05:00
-1,28/09/2008 17:06:00
-1,28/09/2008 17:49:00
-1,28/09/2008 17:55:00
-1,28/09/2008 18:34:00
-1,28/09/2008 18:43:00
-1,28/09/2008 19:18:00
-1,28/09/2008 19:29:00
-1,28/09/2008 20:02:00
-1,28/09/2008 20:42:00
-1,28/09/2008 21:08:00
-1,28/09/2008 21:27:00
-1,28/09/2008 22:44:00
-1,28/09/2008 23:54:00
-1,29/09/2008 02:06:00
-1,29/09/2008 03:07:00
-1,29/09/2008 03:50:00
-1,29/09/2008 04:18:00
-1,29/09/2008 04:47:00
-1,29/09/2008 05:32:00
-1,29/09/2008 07:53:00
-1,29/09/2008 09:15:00
-1,29/09/2008 11:13:00
-1,29/09/2008 11:53:00
-1,29/09/2008 12:25:00
-1,29/09/2008 14:03:00
-1,29/09/2008 14:04:00
-1,29/09/2008 14:08:00
-1,29/09/2008 15:09:00
-1,29/09/2008 15:16:00
-1,29/09/2008 16:27:00
-1,29/09/2008 17:21:00
-1,29/09/2008 21:26:00
1,29/09/2008 21:48:00
-1,29/09/2008 22:13:00
-1,30/09/2008 01:33:00
-1,30/09/2008 01:36:00
1,30/09/2008 02:44:00
-1,30/09/2008 04:01:00
-1,30/09/2008 04:42:00
-1,30/09/2008 08:44:00
-1,30/09/2008 12:31:00
-1,30/09/2008 13:29:00
-1,30/09/2008 14:20:00
-1,30/09/2008 14:36:00
-1,30/09/2008 15:16:00
-1,30/09/2008 15:26:00
-1,30/09/2008 16:13:00
-1,30/09/2008 16:50:00
-1,30/09/2008 17:27:00
-1,30/09/2008 19:17:00
-1,30/09/2008 19:17:00
-1,30/09/2008 21:39:00
-1,30/09/2008 21:42:00
-1,30/09/2008 23:34:00
-1,30/09/2008 23:58:00
-1,1/10/08 0:20
-1,1/10/08 1:11
-1,1/10/08 2:53
1,1/10/08 5:56
-1,1/10/08 7:19
-1,1/10/08 7:28
-1,1/10/08 8:15
-1,1/10/08 9:15
-1,1/10/08 9:16
-1,1/10/08 14:22
-1,1/10/08 15:16
-1,1/10/08 16:43
-1,1/10/08 19:57
-1,1/10/08 21:15
-1,1/10/08 21:50
-1,1/10/08 22:47
-1,1/10/08 23:34
-1,2/10/08 0:21
-1,2/10/08 0:22
1,2/10/08 3:17
-1,2/10/08 3:27
-1,2/10/08 4:11
-1,2/10/08 4:23
-1,2/10/08 4:24
-1,2/10/08 6:49
-1,2/10/08 7:35
-1,2/10/08 7:58
-1,2/10/08 8:24
-1,2/10/08 8:52
-1,2/10/08 8:57
1,2/10/08 9:10
-1,2/10/08 9:42
-1,2/10/08 10:03
1,2/10/08 14:07
1,2/10/08 14:10
-1,2/10/08 14:54
-1,2/10/08 15:10
-1,2/10/08 15:44
-1,2/10/08 15:58
-1,2/10/08 16:32
-1,2/10/08 16:58
-1,2/10/08 17:00
-1,2/10/08 17:19
-1,2/10/08 19:21
-1,2/10/08 19:25
-1,2/10/08 20:54
1,2/10/08 21:32
-1,2/10/08 21:33
-1,2/10/08 22:23
-1,2/10/08 22:33
-1,2/10/08 23:32
-1,2/10/08 23:32
-1,3/10/08 0:24
-1,3/10/08 0:55
-1,3/10/08 2:41
-1,3/10/08 3:52
-1,3/10/08 3:56
-1,3/10/08 4:49
-1,3/10/08 5:01
-1,3/10/08 5:45
-1,3/10/08 6:15
-1,3/10/08 8:35
-1,3/10/08 9:30
-1,3/10/08 11:40
-1,3/10/08 12:31
-1,3/10/08 18:45
-1,3/10/08 19:23
-1,3/10/08 19:23
-1,3/10/08 20:11
-1,3/10/08 20:26
-1,3/10/08 20:35
-1,3/10/08 20:46
-1,3/10/08 21:15
-1,3/10/08 21:52
-1,3/10/08 22:08
-1,3/10/08 22:53
-1,3/10/08 23:46
-1,4/10/08 0:58
-1,4/10/08 1:49
-1,4/10/08 2:36
-1,4/10/08 3:53
-1,4/10/08 4:12
-1,4/10/08 4:45
-1,4/10/08 9:29
-1,4/10/08 15:16
-1,4/10/08 16:58
-1,4/10/08 18:15
-1,4/10/08 18:25
-1,4/10/08 18:59
-1,4/10/08 19:12
-1,4/10/08 19:47
-1,4/10/08 19:54
-1,4/10/08 20:39
-1,4/10/08 22:06
1,4/10/08 23:18
1,5/10/08 0:33
-1,5/10/08 0:33
-1,5/10/08 1:35
-1,5/10/08 4:01
-1,5/10/08 4:20
-1,5/10/08 4:48
-1,5/10/08 5:31
-1,5/10/08 5:53
-1,5/10/08 6:15
-1,5/10/08 8:02
-1,5/10/08 8:40
-1,5/10/08 9:04
-1,5/10/08 9:47
-1,5/10/08 10:00
-1,5/10/08 10:43
-1,5/10/08 11:05
-1,5/10/08 11:30
-1,5/10/08 12:03
-1,5/10/08 12:17
-1,5/10/08 13:49
-1,5/10/08 14:34
1,5/10/08 15:30
1,5/10/08 15:35
-1,5/10/08 16:15
1,5/10/08 16:37
1,5/10/08 16:49
1,5/10/08 18:46
-1,5/10/08 18:59
-1,5/10/08 19:45
-1,5/10/08 20:12
-1,5/10/08 20:30
-1,5/10/08 22:13
-1,6/10/08 0:41
-1,6/10/08 1:25
-1,6/10/08 1:27
-1,6/10/08 1:30
-1,6/10/08 2:44
-1,6/10/08 2:49
-1,6/10/08 3:31
1,6/10/08 3:50
1,6/10/08 3:57
-1,6/10/08 4:26
-1,6/10/08 5:21
-1,6/10/08 5:24
-1,6/10/08 6:11
-1,6/10/08 6:26
-1,6/10/08 6:49
-1,6/10/08 7:12
-1,6/10/08 7:17
-1,6/10/08 7:35
-1,6/10/08 7:38
-1,6/10/08 8:24
-1,6/10/08 8:57
-1,6/10/08 9:11
-1,6/10/08 9:57
-1,6/10/08 10:07
-1,6/10/08 11:51
-1,6/10/08 12:39
-1,6/10/08 12:42
-1,6/10/08 13:08
1,6/10/08 13:38
1,6/10/08 13:55
1,6/10/08 15:00
-1,6/10/08 15:01
-1,6/10/08 15:52
-1,6/10/08 16:42
-1,6/10/08 16:50
-1,6/10/08 17:26
-1,6/10/08 17:26
-1,6/10/08 17:35
-1,6/10/08 18:54
-1,6/10/08 18:55
-1,6/10/08 19:42
-1,6/10/08 20:02
-1,6/10/08 20:36
-1,6/10/08 20:47
-1,6/10/08 21:46
-1,6/10/08 21:48
-1,6/10/08 22:37
-1,6/10/08 23:03
-1,7/10/08 1:46
-1,7/10/08 3:29
-1,7/10/08 3:39
-1,7/10/08 7:32
-1,7/10/08 7:41
-1,7/10/08 8:25
-1,7/10/08 8:26
-1,7/10/08 9:11
-1,7/10/08 9:20
-1,7/10/08 9:59
-1,7/10/08 10:04
-1,7/10/08 10:10
-1,7/10/08 10:51
-1,7/10/08 11:15
-1,7/10/08 11:16
-1,7/10/08 11:36
-1,7/10/08 12:40
1,7/10/08 13:10
-1,7/10/08 13:48
-1,7/10/08 14:35
-1,7/10/08 16:32
-1,7/10/08 17:06
-1,7/10/08 17:28
-1,7/10/08 18:39
-1,7/10/08 19:24
-1,7/10/08 20:19
-1,7/10/08 20:39
-1,7/10/08 20:48
-1,8/10/08 4:47
-1,8/10/08 5:35
-1,8/10/08 5:38
-1,8/10/08 6:25
-1,8/10/08 7:10
-1,8/10/08 7:13
-1,8/10/08 7:16
-1,8/10/08 9:01
-1,8/10/08 9:06
-1,8/10/08 10:37
-1,8/10/08 12:11
-1,8/10/08 13:35
-1,8/10/08 13:38
-1,8/10/08 14:48
-1,8/10/08 15:37
-1,8/10/08 16:26
-1,8/10/08 17:14
-1,8/10/08 17:31
-1,8/10/08 17:41
-1,8/10/08 18:22
-1,8/10/08 20:27
-1,8/10/08 21:19
-1,8/10/08 21:45
-1,8/10/08 22:08
-1,8/10/08 23:13
-1,8/10/08 23:50
-1,9/10/08 0:23
1,9/10/08 4:34
-1,9/10/08 6:06
-1,9/10/08 7:38
-1,9/10/08 14:15
-1,9/10/08 15:04
1,9/10/08 15:55
-1,9/10/08 15:56
-1,10/10/08 10:05
-1,10/10/08 10:46
-1,10/10/08 10:53
-1,10/10/08 12:30
-1,10/10/08 15:33
-1,10/10/08 15:50
-1,10/10/08 20:02
-1,10/10/08 21:03
-1,10/10/08 21:07
-1,10/10/08 21:16
-1,11/10/08 2:55
-1,11/10/08 6:56
-1,11/10/08 7:38
-1,11/10/08 7:39
-1,11/10/08 7:42
-1,11/10/08 8:27
-1,11/10/08 14:43
-1,11/10/08 15:33
-1,11/10/08 16:25
-1,11/10/08 23:16
-1,11/10/08 23:58
-1,12/10/08 0:57
-1,12/10/08 1:50
-1,12/10/08 2:59
-1,12/10/08 3:21
-1,12/10/08 3:28
-1,12/10/08 8:19
-1,12/10/08 18:47
-1,13/10/2008 03:34:00
-1,13/10/2008 03:53:00
-1,13/10/2008 11:27:00
-1,13/10/2008 12:18:00
-1,13/10/2008 14:06:00
-1,13/10/2008 14:29:00
-1,13/10/2008 14:30:00
-1,13/10/2008 14:55:00
-1,13/10/2008 15:42:00
-1,13/10/2008 15:42:00
-1,13/10/2008 16:13:00
-1,13/10/2008 19:17:00
-1,13/10/2008 19:36:00
-1,13/10/2008 19:40:00
-1,13/10/2008 20:10:00
-1,13/10/2008 20:30:00
-1,13/10/2008 20:53:00
-1,13/10/2008 21:20:00
-1,13/10/2008 21:47:00
-1,13/10/2008 21:57:00
-1,13/10/2008 22:48:00
-1,13/10/2008 22:54:00
-1,14/10/2008 00:35:00
-1,14/10/2008 03:21:00
-1,14/10/2008 03:28:00
-1,14/10/2008 03:35:00
-1,14/10/2008 13:13:00
-1,14/10/2008 13:16:00
-1,14/10/2008 14:07:00
-1,14/10/2008 14:15:00
-1,14/10/2008 14:43:00
-1,14/10/2008 17:36:00
-1,14/10/2008 19:15:00
-1,14/10/2008 20:01:00
-1,14/10/2008 20:30:00
-1,14/10/2008 20:48:00
-1,14/10/2008 21:36:00
-1,14/10/2008 23:07:00
-1,15/10/2008 00:03:00
-1,15/10/2008 00:27:00
-1,15/10/2008 00:47:00
-1,15/10/2008 01:52:00
-1,15/10/2008 01:52:00
-1,15/10/2008 01:52:00
-1,15/10/2008 02:40:00
-1,15/10/2008 02:40:00
1,15/10/2008 02:42:00
-1,15/10/2008 03:24:00
-1,15/10/2008 04:08:00
-1,15/10/2008 05:13:00
-1,15/10/2008 05:16:00
-1,15/10/2008 06:49:00
-1,15/10/2008 07:36:00
-1,15/10/2008 07:55:00
-1,15/10/2008 08:21:00
-1,15/10/2008 09:11:00
-1,15/10/2008 10:00:00
-1,15/10/2008 12:53:00
-1,15/10/2008 13:14:00
-1,15/10/2008 13:16:00
-1,15/10/2008 14:08:00
-1,15/10/2008 15:11:00
-1,15/10/2008 16:24:00
-1,15/10/2008 17:19:00
-1,15/10/2008 18:16:00
-1,15/10/2008 19:15:00
-1,15/10/2008 19:24:00
-1,15/10/2008 21:44:00
-1,15/10/2008 22:45:00
-1,15/10/2008 22:54:00
-1,15/10/2008 23:00:00
-1,15/10/2008 23:45:00
-1,16/10/2008 02:16:00
-1,16/10/2008 02:16:00
-1,16/10/2008 02:17:00
-1,16/10/2008 02:22:00
-1,16/10/2008 02:55:00
-1,16/10/2008 03:56:00
-1,16/10/2008 04:02:00
-1,16/10/2008 04:02:00
-1,16/10/2008 04:04:00
-1,16/10/2008 04:47:00
-1,16/10/2008 04:50:00
-1,16/10/2008 04:54:00
-1,16/10/2008 05:08:00
-1,16/10/2008 05:13:00
-1,16/10/2008 05:44:00
-1,16/10/2008 05:58:00
-1,16/10/2008 15:02:00
-1,16/10/2008 15:13:00
-1,16/10/2008 20:49:00
-1,17/10/2008 05:26:00
-1,17/10/2008 06:01:00
-1,17/10/2008 06:07:00